date,EURUSD,AUDUSD,USDJPY,USDSGD,USDCNY,USDINR,USDKRW
2024-01-01,1.1055831909179688,0.6820491552352905,140.95199584960938,1.3190399408340454,7.068600177764893,83.24859619140625,1293.530029296875
2024-01-02,1.1038745641708374,0.6810504198074341,141.12600708007812,1.3193000555038452,7.068600177764893,83.20259857177734,1293.5400390625
2024-01-03,1.0941756963729858,0.6765698194503784,142.15499877929688,1.3263399600982666,7.089600086212158,83.25700378417969,1307.6199951171875
2024-01-04,1.0927767753601074,0.6736002564430237,142.99899291992188,1.3283900022506714,7.098899841308594,83.31809997558594,1309.530029296875
2024-01-05,1.0947387218475342,0.6706593036651611,144.76499938964844,1.329390048980713,7.110000133514404,83.2406005859375,1311.25
2024-01-08,1.0942236185073853,0.6716412901878357,144.71600341796875,1.3296200037002563,7.09250020980835,83.19110107421875,1313.1300048828125
2024-01-09,1.095170259475708,0.6720001101493835,144.22999572753906,1.328660011291504,7.090000152587891,83.05069732666016,1311.800048828125
2024-01-10,1.0932426452636719,0.6684702038764954,144.42799377441406,1.3309400081634521,7.101600170135498,83.131103515625,1319.7900390625
2024-01-11,1.0975141525268555,0.6703999042510986,145.73399353027344,1.3308000564575195,7.170400142669678,83.02559661865234,1317.5
2024-01-12,1.0981649160385132,0.6698498129844666,145.04600524902344,1.3294999599456787,7.103099822998047,83.07610321044922,1311.989990234375
2024-01-15,1.0945708751678467,0.6689097881317139,145.1490020751953,1.3319100141525269,7.100599765777588,82.87210083007812,1312.8499755859375
2024-01-16,1.0945708751678467,0.6650399565696716,145.79400634765625,1.3339500427246094,7.0970001220703125,82.8593978881836,1319.7099609375
2024-01-17,1.087878942489624,0.6588900089263916,147.24600219726562,1.3424299955368042,7.116499900817871,83.08899688720703,1337.7900390625
2024-01-18,1.0885775089263916,0.6551997661590576,148.1179962158203,1.3443800210952759,7.114500045776367,83.17759704589844,1344.050048828125
2024-01-19,1.0879143476486206,0.6582845449447632,148.1280059814453,1.3437199592590332,7.114999771118164,83.16059875488281,1337.6600341796875
2024-01-22,1.089229702949524,0.6595479249954224,148.12100219726562,1.340399980545044,7.107100009918213,83.12470245361328,1333.2099609375
2024-01-23,1.088020920753479,0.6570599675178528,148.14199829101562,1.3422499895095825,7.192699909210205,83.09510040283203,1338.739990234375
2024-01-24,1.0857881307601929,0.6586300730705261,148.25100708007812,1.3408499956130981,7.077600002288818,83.22139739990234,1336.780029296875
2024-01-25,1.088174819946289,0.6576697826385498,147.59100341796875,1.339669942855835,7.081999778747559,83.09760284423828,1329.8900146484375
2024-01-26,1.0847046375274658,0.6585879921913147,147.72300720214844,1.3402899503707886,7.081099987030029,83.14610290527344,1336.030029296875
2024-01-29,1.0843517780303955,0.6578601002693176,148.13999938964844,1.3419899940490723,7.086599826812744,83.12129974365234,1336.760009765625
2024-01-30,1.0834470987319946,0.6614194512367249,147.46800231933594,1.3396300077438354,7.084499835968018,83.1530990600586,1333.2099609375
2024-01-31,1.08433997631073,0.659480094909668,147.36900329589844,1.3393000364303589,7.094099998474121,83.10970306396484,1326.6199951171875
2024-02-01,1.0803920030593872,0.656150758266449,146.99600219726562,1.3404099941253662,7.1006999015808105,83.05359649658203,1333.9100341796875
2024-02-02,1.0874648094177246,0.6574898362159729,146.4510040283203,1.3365800380706787,7.088500022888184,82.92759704589844,1328.949951171875
2024-02-05,1.0780043601989746,0.6505080461502075,148.50100708007812,1.3434900045394897,7.112599849700928,82.99929809570312,1337.72998046875
2024-02-06,1.0741831064224243,0.6480293273925781,148.63999938964844,1.3470100164413452,7.108500003814697,83.10369873046875,1333.3900146484375
2024-02-07,1.075719952583313,0.6529674530029297,147.8179931640625,1.3436599969863892,7.100100040435791,83.07060241699219,1326.7900390625
2024-02-08,1.077574610710144,0.6521880626678467,148.08599853515625,1.3432600498199463,7.101099967956543,83.01260375976562,1327.6199951171875
2024-02-09,1.0777255296707153,0.6497599482536316,149.25900268554688,1.346809983253479,7.10699987411499,82.98529815673828,1331.469970703125
2024-02-12,1.0798202753067017,0.6525583267211914,149.16700744628906,1.3451800346374512,7.178999900817871,83.0145034790039,1330.06005859375
2024-02-13,1.0772264003753662,0.6528898477554321,149.40499877929688,1.3447599411010742,7.192200183868408,82.99019622802734,1328.5
2024-02-14,1.0708931684494019,0.6453399062156677,150.7239990234375,1.3510600328445435,7.188700199127197,83.07460021972656,1340.7900390625
2024-02-15,1.0732147693634033,0.6498798131942749,150.54400634765625,1.3477599620819092,7.175899982452393,83.04309844970703,1326.0
2024-02-16,1.0773887634277344,0.6525498628616333,149.9459991455078,1.3455599546432495,7.163899898529053,83.00959777832031,1327.6600341796875
2024-02-19,1.0784927606582642,0.6537913680076599,150.09100341796875,1.3453199863433838,7.118599891662598,83.01599884033203,1331.5799560546875
2024-02-20,1.0775396823883057,0.6530783176422119,150.27000427246094,1.3463200330734253,7.197199821472168,83.02100372314453,1333.3399658203125
2024-02-21,1.0813149213790894,0.6553500890731812,149.93899536132812,1.3436700105667114,7.189700126647949,82.8291015625,1333.75
2024-02-22,1.0820403099060059,0.6553199887275696,150.35499572753906,1.3439099788665771,7.1880998611450195,82.93840026855469,1332.8699951171875
2024-02-23,1.0825674533843994,0.6559101939201355,150.48300170898438,1.3423000574111938,7.193299770355225,82.87229919433594,1327.1700439453125
2024-02-26,1.0820051431655884,0.6565384864807129,150.4980010986328,1.3433300256729126,7.194399833679199,82.88179779052734,1330.0
2024-02-27,1.0850930213928223,0.6539598107337952,150.5659942626953,1.3442800045013428,7.196300029754639,82.85199737548828,1331.719970703125
2024-02-28,1.084481120109558,0.6543898582458496,150.4949951171875,1.3439199924468994,7.197400093078613,82.94819641113281,1331.7900390625
2024-02-29,1.0838816165924072,0.6494700312614441,150.656005859375,1.345960021018982,7.196000099182129,82.91190338134766,1333.3800048828125
2024-03-01,1.0804970264434814,0.6498401165008545,150.09500122070312,1.3459199666976929,7.18720006942749,82.910400390625,1335.199951171875
2024-03-04,1.084269404411316,0.6527883410453796,150.10499572753906,1.343809962272644,7.195799827575684,82.84609985351562,1330.9000244140625
2024-03-05,1.0855170488357544,0.6507620811462402,150.46600341796875,1.3433799743652344,7.19890022277832,82.9104995727539,1328.93994140625
2024-03-06,1.0855995416641235,0.6503900289535522,150.0489959716797,1.342960000038147,7.196000099182129,82.88480377197266,1333.4300537109375
2024-03-07,1.089953899383545,0.6566298604011536,149.2689971923828,1.3384100198745728,7.195899963378906,82.81909942626953,1327.0899658203125
2024-03-08,1.0950144529342651,0.6621301770210266,147.8679962158203,1.3329499959945679,7.192299842834473,82.7522964477539,1321.1800537109375
2024-03-11,1.0942955017089844,0.6624314785003662,146.7740020751953,1.3312900066375732,7.185200214385986,82.7520980834961,1315.97998046875
2024-03-12,1.093135118484497,0.6615506410598755,146.73199462890625,1.3301700353622437,7.183800220489502,82.7782974243164,1310.5400390625
2024-03-13,1.0927767753601074,0.6607297658920288,147.61900329589844,1.332319974899292,7.181000232696533,82.83509826660156,1311.1500244140625
2024-03-14,1.0955302715301514,0.6627599000930786,147.62100219726562,1.3318699598312378,7.186600208282471,82.83110046386719,1313.6500244140625
2024-03-15,1.0883406400680542,0.6579297780990601,148.29600524902344,1.336300015449524,7.192200183868408,82.9655990600586,1321.9200439453125
2024-03-18,1.0882576704025269,0.6557978987693787,148.9550018310547,1.3381099700927734,7.195000171661377,82.88890075683594,1329.3399658203125
2024-03-19,1.087393879890442,0.655750572681427,149.1439971923828,1.3391900062561035,7.197199821472168,82.86360168457031,1336.0899658203125
2024-03-20,1.0863306522369385,0.6526401042938232,151.03500366210938,1.3424099683761597,7.197999954223633,83.04239654541016,1337.02001953125
2024-03-21,1.0937210321426392,0.6597799062728882,150.75999450683594,1.3389899730682373,7.1975998878479,83.05460357666016,1330.1099853515625
2024-03-22,1.0862362384796143,0.657418966293335,151.63299560546875,1.3430999517440796,7.198200225830078,83.22660064697266,1334.6800537109375
2024-03-25,1.0807539224624634,0.6515804529190063,151.30499267578125,1.3494800329208374,7.228099822998047,83.59359741210938,1343.5999755859375
2024-03-26,1.0838228464126587,0.6538896560668945,151.3730010986328,1.3458499908447266,7.208399772644043,83.41739654541016,1339.1300048828125
2024-03-27,1.0832358598709106,0.6538982391357422,151.52999877929688,1.3452800512313843,7.217700004577637,83.34549713134766,1343.06005859375
2024-03-28,1.0813382863998413,0.6521999835968018,151.28700256347656,1.3487099409103394,7.225800037384033,83.36499786376953,1349.800048828125
2024-03-29,1.0794472694396973,0.6516780853271484,151.44000244140625,1.349810004234314,7.226500034332275,83.39299774169922,1349.800048828125
2024-04-01,1.0792726278305054,0.6533001661300659,151.3979949951172,1.3476899862289429,7.220300197601318,83.36479949951172,1345.31005859375
2024-04-02,1.0737217664718628,0.6487903594970703,151.58099365234375,1.3525500297546387,7.229700088500977,83.40969848632812,1355.530029296875
2024-04-03,1.076855182647705,0.651439905166626,151.5399932861328,1.351349949836731,7.232399940490723,83.35030364990234,1350.72998046875
2024-04-04,1.0838346481323242,0.6568998694419861,151.58099365234375,1.347890019416809,7.234399795532227,83.37329864501953,1344.8399658203125
2024-04-05,1.0837054252624512,0.6587702035903931,151.29200744628906,1.3484599590301514,7.23390007019043,83.47779846191406,1351.3599853515625
2024-04-08,1.0830481052398682,0.6570215821266174,151.69000244140625,1.3487999439239502,7.231400012969971,83.29679870605469,1350.27001953125
2024-04-09,1.0863661766052246,0.6604998111724854,151.84300231933594,1.3473299741744995,7.229700088500977,83.26959991455078,1354.219970703125
2024-04-10,1.0859296321868896,0.662850022315979,151.77699279785156,1.344730019569397,7.2307000160217285,83.22429656982422,1348.5400390625
2024-04-11,1.074171543121338,0.6507201194763184,152.96400451660156,1.353950023651123,7.231500148773193,83.4126968383789,1363.760009765625
2024-04-12,1.0726851224899292,0.6540607213973999,153.19200134277344,1.352810025215149,7.235899925231934,83.34929656982422,1367.8399658203125
2024-04-15,1.0649627447128296,0.6475803256034851,153.2830047607422,1.3597999811172485,7.235599994659424,83.61109924316406,1379.6099853515625
2024-04-16,1.0625749826431274,0.644250214099884,154.20599365234375,1.3629800081253052,7.236999988555908,83.50599670410156,1387.6700439453125
2024-04-17,1.0621461868286133,0.6412801146507263,154.697998046875,1.364609956741333,7.236199855804443,83.6675033569336,1387.3399658203125
2024-04-18,1.0669398307800293,0.6439813375473022,154.3419952392578,1.3602700233459473,7.237400054931641,83.5958023071289,1379.5400390625
2024-04-19,1.0644185543060303,0.6424699425697327,154.61000061035156,1.3619999885559082,7.236700057983398,83.54499816894531,1379.4000244140625
2024-04-22,1.065825343132019,0.6425991654396057,154.63999938964844,1.361299991607666,7.2393999099731445,83.38529968261719,1373.9300537109375
2024-04-23,1.065405249595642,0.6452862024307251,154.81300354003906,1.3619600534439087,7.242499828338623,83.38619995117188,1378.8399658203125
2024-04-24,1.0704345703125,0.6488901376724243,154.74400329589844,1.3603999614715576,7.244500160217285,83.2833023071289,1370.47998046875
2024-04-25,1.0699878931045532,0.6496999263763428,155.25900268554688,1.361199975013733,7.244200229644775,83.3405990600586,1376.969970703125
2024-04-26,1.072961449623108,0.6523199677467346,155.5970001220703,1.3590999841690063,7.23859977722168,83.30180358886719,1371.699951171875
2024-04-29,1.0706866979599,0.6541398763656616,158.2239990234375,1.361430048942566,7.24459981918335,83.40229797363281,1377.0899658203125
2024-04-30,1.0715701580047607,0.6561899185180664,156.31399536132812,1.3600599765777588,7.23769998550415,83.45110321044922,1374.6400146484375
2024-05-01,1.0666552782058716,0.6478001475334167,157.7220001220703,1.3652100563049316,7.240699768066406,83.49839782714844,1385.4599609375
2024-05-02,1.0721560716629028,0.653190016746521,155.70399475097656,1.359969973564148,7.2399001121521,83.40640258789062,1375.0
2024-05-03,1.073306918144226,0.6571398973464966,153.0449981689453,1.3537299633026123,7.238399982452393,83.40630340576172,1364.6400146484375
2024-05-06,1.0758124589920044,0.6609079837799072,153.5659942626953,1.3508700132369995,7.236199855804443,83.37999725341797,1355.050048828125
2024-05-07,1.0767507553100586,0.6623920202255249,154.23699951171875,1.3516600131988525,7.208000183105469,83.4728012084961,1352.1700439453125
2024-05-08,1.0750491619110107,0.6589199900627136,154.7480010986328,1.3544000387191772,7.218400001525879,83.46990203857422,1357.72998046875
2024-05-09,1.0746910572052002,0.657680094242096,155.41900634765625,1.3554799556732178,7.223800182342529,83.46430206298828,1361.93994140625
2024-05-10,1.078515887260437,0.6620998978614807,155.38900756835938,1.3517999649047852,7.218699932098389,83.45939636230469,1365.4000244140625
2024-05-13,1.077040672302246,0.6601008772850037,155.8179931640625,1.354200005531311,7.225800037384033,83.5248031616211,1370.1099853515625
2024-05-14,1.079354166984558,0.6612882018089294,156.23300170898438,1.3524999618530273,7.2322998046875,83.50550079345703,1363.7900390625
2024-05-15,1.0814552307128906,0.6626027226448059,156.4980010986328,1.352020025253296,7.2322998046875,83.52420043945312,1362.550048828125
2024-05-16,1.0889805555343628,0.6701065301895142,154.28199768066406,1.343559980392456,7.217700004577637,83.40509796142578,1353.5999755859375
2024-05-17,1.0867793560028076,0.6683151721954346,155.37899780273438,1.3458000421524048,7.2170000076293945,83.47010040283203,1346.0400390625
2024-05-20,1.0875475406646729,0.6700705885887146,155.75399780273438,1.34483003616333,7.222700119018555,83.30039978027344,1353.3900146484375
2024-05-21,1.086082935333252,0.6672093272209167,156.3699951171875,1.3473399877548218,7.2316999435424805,83.31500244140625,1360.1600341796875
2024-05-22,1.0855170488357544,0.6667097806930542,156.25100708007812,1.3472199440002441,7.237599849700928,83.31680297851562,1363.4200439453125
2024-05-23,1.0825204849243164,0.6619185209274292,156.70399475097656,1.3499000072479248,7.240300178527832,83.26709747314453,1365.81005859375
2024-05-24,1.0812681913375854,0.6601487994194031,156.97300720214844,1.3517800569534302,7.241499900817871,83.2863998413086,1367.6199951171875
2024-05-27,1.0847634077072144,0.6624007821083069,156.8699951171875,1.3495999574661255,7.241499900817871,83.05220031738281,1365.7099609375
2024-05-28,1.0861891508102417,0.6655617952346802,156.84500122070312,1.3485699892044067,7.241499900817871,83.14569854736328,1360.9300537109375
2024-05-29,1.0851871967315674,0.6647999286651611,157.26199340820312,1.3483999967575073,7.244999885559082,83.20649719238281,1362.760009765625
2024-05-30,1.0801819562911987,0.6613699793815613,157.60800170898438,1.3520100116729736,7.2494001388549805,83.3656005859375,1370.550048828125
2024-05-31,1.0835410356521606,0.6630301475524902,156.9530029296875,1.3496999740600586,7.233500003814697,83.3208999633789,1375.6199951171875
2024-06-03,1.0853049755096436,0.6656903028488159,157.17999267578125,1.3506100177764893,7.241000175476074,83.45079803466797,1382.0999755859375
2024-06-04,1.0907385349273682,0.669008195400238,156.0760040283203,1.3450000286102295,7.242000102996826,83.09339904785156,1370.7900390625
2024-06-05,1.0881866216659546,0.6646201014518738,155.12399291992188,1.3466500043869019,7.242000102996826,83.62940216064453,1373.719970703125
2024-06-06,1.087453007698059,0.6657789945602417,155.9290008544922,1.3478399515151978,7.246699810028076,83.38079833984375,1368.739990234375
2024-06-07,1.0894432067871094,0.6669601202011108,155.69700622558594,1.3450000286102295,7.244100093841553,83.47309875488281,1365.25
2024-06-10,1.0778882503509521,0.6582714915275574,156.83299255371094,1.3519999980926514,7.246799945831299,83.52760314941406,1379.050048828125
2024-06-11,1.0764262676239014,0.6608948111534119,157.0399932861328,1.3526999950408936,7.246799945831299,83.52980041503906,1373.9599609375
2024-06-12,1.0740330219268799,0.6607699394226074,157.10499572753906,1.3529599905014038,7.246699810028076,83.5968017578125,1377.3599853515625
2024-06-13,1.0813149213790894,0.6662899851799011,156.8000030517578,1.3479900360107422,7.238100051879883,83.5343017578125,1370.4100341796875
2024-06-14,1.0738831758499146,0.6633102893829346,157.1280059814453,1.3510700464248657,7.2515997886657715,83.52210235595703,1373.739990234375
2024-06-17,1.0702168941497803,0.6612882018089294,157.54600524902344,1.3534899950027466,7.254300117492676,83.55180358886719,1382.280029296875
2024-06-18,1.0740677118301392,0.6622077822685242,157.6999969482422,1.3509000539779663,7.255000114440918,83.51010131835938,1379.06005859375
2024-06-19,1.0742292404174805,0.6661200523376465,157.87100219726562,1.3511500358581543,7.252699851989746,83.37409973144531,1378.6099853515625
2024-06-20,1.0751532316207886,0.6675300002098083,157.95799255371094,1.3506100177764893,7.25629997253418,83.41950225830078,1381.1500244140625
2024-06-21,1.0706409215927124,0.6660698652267456,158.93099975585938,1.3542300462722778,7.259099960327148,83.60160064697266,1391.8199462890625
2024-06-24,1.0687757730484009,0.6635000109672546,159.86099243164062,1.3552000522613525,7.259200096130371,83.5625,1388.3900146484375
2024-06-25,1.0732723474502563,0.6654599905014038,159.68600463867188,1.3528300523757935,7.257699966430664,83.46040344238281,1386.1099853515625
2024-06-26,1.0709619522094727,0.6644800901412964,159.68600463867188,1.3546899557113647,7.26140022277832,83.41459655761719,1390.8900146484375
2024-06-27,1.068010926246643,0.6644783020019531,160.62100219726562,1.3588500022888184,7.263500213623047,83.58039855957031,1393.3800048828125
2024-06-28,1.0708472728729248,0.6650599241256714,160.68699645996094,1.3580000400543213,7.267199993133545,83.45089721679688,1386.949951171875
2024-07-01,1.0735257863998413,0.6674007773399353,160.90699768066406,1.354699969291687,7.2657999992370605,83.36750030517578,1380.2900390625
2024-07-02,1.0737102031707764,0.6654599905014038,161.51199340820312,1.3577300310134888,7.266900062561035,83.44129943847656,1383.4200439453125
2024-07-03,1.0748412609100342,0.6668298244476318,161.50399780273438,1.3559800386428833,7.269400119781494,83.4791030883789,1383.4200439453125
2024-07-04,1.0793308019638062,0.6710900068283081,161.62100219726562,1.3532400131225586,7.268599987030029,83.49120330810547,1385.77001953125
2024-07-05,1.0810693502426147,0.6725085377693176,161.35800170898438,1.3516000509262085,7.2657999992370605,83.49340057373047,1380.25
2024-07-08,1.082602620124817,0.6746591329574585,160.63800048828125,1.3487199544906616,7.2677998542785645,83.47209930419922,1376.5699462890625
2024-07-09,1.0830950736999512,0.6743202209472656,160.85699462890625,1.3494999408721924,7.267099857330322,83.45760345458984,1382.75
2024-07-10,1.0814785957336426,0.6741496920585632,161.33099365234375,1.3506300449371338,7.271699905395508,83.49299621582031,1382.4200439453125
2024-07-11,1.083329677581787,0.6751797795295715,161.60699462890625,1.3486900329589844,7.274499893188477,83.49590301513672,1382.989990234375
2024-07-12,1.0872756242752075,0.6768500804901123,158.2010040283203,1.342170000076294,7.254799842834473,83.51850128173828,1371.27001953125
2024-07-15,1.0885539054870605,0.6771998405456543,158.31300354003906,1.343000054359436,7.2494001388549805,83.52030181884766,1374.1099853515625
2024-07-16,1.0901559591293335,0.6763300895690918,158.14100646972656,1.3435100317001343,7.258900165557861,83.58760070800781,1383.68994140625
2024-07-17,1.0902509689331055,0.6731998324394226,158.35000610351562,1.343999981880188,7.2606000900268555,83.52960205078125,1382.6400146484375
2024-07-18,1.094020128250122,0.6730697751045227,155.68600463867188,1.3393000364303589,7.259399890899658,83.57209777832031,1378.6500244140625
2024-07-19,1.0901559591293335,0.6705500483512878,157.14999389648438,1.3436199426651,7.258900165557861,83.67430114746094,1385.239990234375
2024-07-22,1.0899182558059692,0.6696308851242065,157.4219970703125,1.344099998474121,7.269000053405762,83.73030090332031,1388.81005859375
2024-07-23,1.0889805555343628,0.6640105843544006,156.89100646972656,1.3458800315856934,7.27269983291626,83.67130279541016,1387.0999755859375
2024-07-24,1.0850694179534912,0.6612094640731812,155.76800537109375,1.3458000421524048,7.2743000984191895,83.70680236816406,1384.5699462890625
2024-07-25,1.0839520692825317,0.6574798822402954,153.89100646972656,1.3437000513076782,7.261199951171875,83.74299621582031,1382.6500244140625
2024-07-26,1.0851283073425293,0.6542999744415283,153.69700622558594,1.342900037765503,7.230100154876709,83.73760223388672,1381.4300537109375
2024-07-29,1.0853756666183472,0.6554999947547913,154.13900756835938,1.3429399728775024,7.250100135803223,83.72779846191406,1382.0899658203125
2024-07-30,1.081946611404419,0.6551405787467957,153.83299255371094,1.343019962310791,7.258299827575684,83.75050354003906,1381.3599853515625
2024-07-31,1.0816072225570679,0.6541501879692078,152.6699981689453,1.3418899774551392,7.250699996948242,83.73899841308594,1383.5
2024-08-01,1.082391619682312,0.6547001004219055,149.74400329589844,1.3357000350952148,7.217199802398682,83.7177963256836,1367.9200439453125
2024-08-02,1.0787602663040161,0.6494898200035095,149.2010040283203,1.3367600440979004,7.242800235748291,83.743896484375,1368.969970703125
2024-08-05,1.0910836458206177,0.6497219204902649,145.58399963378906,1.3256700038909912,7.157199859619141,83.73529815673828,1357.1700439453125
2024-08-06,1.0950982570648193,0.6515498757362366,145.7899932861328,1.3252700567245483,7.120200157165527,84.00260162353516,1367.4000244140625
2024-08-07,1.0926215648651123,0.6515001654624939,144.73199462890625,1.3254899978637695,7.156300067901611,83.93489837646484,1370.31005859375
2024-08-08,1.0928125381469727,0.6515973806381226,146.12399291992188,1.3266500234603882,7.180300235748291,83.94239807128906,1375.3299560546875
2024-08-09,1.0915720462799072,0.659200131893158,147.66900634765625,1.32614004611969,7.173699855804443,83.98899841308594,1373.760009765625
2024-08-12,1.091381311416626,0.6569784283638,147.04200744628906,1.3243000507354736,7.166299819946289,83.94979858398438,1363.8399658203125
2024-08-13,1.0936251878738403,0.6585316061973572,146.98199462890625,1.3238099813461304,7.173999786376953,83.88999938964844,1369.5400390625
2024-08-14,1.0996986627578735,0.6638598442077637,146.9709930419922,1.3171000480651855,7.152900218963623,83.88200378417969,1362.1700439453125
2024-08-15,1.1013215780258179,0.6600006818771362,147.2530059814453,1.31673002243042,7.13730001449585,83.97149658203125,1355.7099609375
2024-08-16,1.0972732305526733,0.6612488627433777,149.2220001220703,1.3222399950027466,7.173399925231934,83.94830322265625,1363.510009765625
2024-08-19,1.1024993658065796,0.6672983765602112,147.95599365234375,1.3157600164413452,7.164000034332275,83.88980102539062,1348.97998046875
2024-08-20,1.1086474657058716,0.6735321879386902,146.69900512695312,1.3078800439834595,7.140500068664551,83.87860107421875,1330.8800048828125
2024-08-21,1.112792730331421,0.6747274398803711,145.3470001220703,1.3045300245285034,7.131999969482422,83.77940368652344,1327.5799560546875
2024-08-22,1.115536093711853,0.6749701499938965,145.1179962158203,1.3053100109100342,7.131800174713135,83.88860321044922,1333.6600341796875
2024-08-23,1.111716389656067,0.6708199381828308,146.20199584960938,1.3101099729537964,7.144400119781494,83.94059753417969,1339.5400390625
2024-08-26,1.1187934875488281,0.6787806153297424,144.0,1.3011399507522583,7.124000072479248,83.81379699707031,1323.8800048828125
2024-08-27,1.1164700984954834,0.6772910952568054,144.51600646972656,1.3037500381469727,7.118100166320801,83.88369750976562,1326.6400146484375
2024-08-28,1.117793083190918,0.6787898540496826,143.97500610351562,1.3013700246810913,7.1230998039245605,83.92160034179688,1326.3599853515625
2024-08-29,1.1124955415725708,0.6783100962638855,144.43299865722656,1.3035199642181396,7.124300003051758,83.94149780273438,1336.68994140625
2024-08-30,1.1080454587936401,0.67958003282547,144.88999938964844,1.3026200532913208,7.0954999923706055,83.89510345458984,1332.8800048828125
2024-09-02,1.1044842004776,0.6768001914024353,146.38099670410156,1.3060599565505981,7.092100143432617,83.86380004882812,1336.5799560546875
2024-09-03,1.1067456007003784,0.6787299513816833,146.7220001220703,1.306399941444397,7.116600036621094,83.92729949951172,1337.550048828125
2024-09-04,1.1048868894577026,0.6714000701904297,145.35299682617188,1.3069000244140625,7.1203999519348145,83.95030212402344,1340.4100341796875
2024-09-05,1.1080454587936401,0.6716187596321106,143.32400512695312,1.3029999732971191,7.1118998527526855,83.98249816894531,1331.010009765625
2024-09-06,1.1111111640930176,0.6740502119064331,143.39300537109375,1.2997699975967407,7.091300010681152,83.98359680175781,1332.7900390625
2024-09-09,1.1087212562561035,0.6670802235603333,142.48599243164062,1.3032699823379517,7.087900161743164,83.98259735107422,1337.77001953125
2024-09-10,1.1037527322769165,0.6657878756523132,143.177001953125,1.3059099912643433,7.11359977722168,83.98090362548828,1341.27001953125
2024-09-11,1.1020983457565308,0.6653298139572144,142.23399353027344,1.3041399717330933,7.120800018310547,83.98200225830078,1343.3399658203125
2024-09-12,1.1010911464691162,0.6676998138427734,142.58999633789062,1.3045599460601807,7.119699954986572,83.99259948730469,1339.1800537109375
2024-09-13,1.1077877283096313,0.6726899147033691,141.49899291992188,1.3006800413131714,7.116600036621094,83.93479919433594,1335.68994140625
2024-09-16,1.1088441610336304,0.6713797450065613,140.7899932861328,1.2974300384521484,7.092700004577637,83.88480377197266,1329.510009765625
2024-09-17,1.1129536628723145,0.6751897931098938,140.7899932861328,1.2956600189208984,7.09250020980835,83.88400268554688,1319.1099853515625
2024-09-18,1.1123099327087402,0.6762696504592896,142.01499938964844,1.2958699464797974,7.09250020980835,83.77059936523438,1322.9300537109375
2024-09-19,1.1114816665649414,0.676369845867157,142.7100067138672,1.2960799932479858,7.080999851226807,83.69170379638672,1322.260009765625
2024-09-20,1.1161960363388062,0.6809576749801636,142.85800170898438,1.29243004322052,7.066999912261963,83.61470031738281,1327.6099853515625
2024-09-23,1.1160838603973389,0.6809993982315063,144.00399780273438,1.2901999950408936,7.050899982452393,83.48709869384766,1331.5
2024-09-24,1.1111727952957153,0.6834102272987366,143.63800048828125,1.290910005569458,7.051300048828125,83.55960083007812,1333.6199951171875
2024-09-25,1.1191190481185913,0.6905400156974792,142.96299743652344,1.2823599576950073,7.030200004577637,83.56759643554688,1324.8900146484375
2024-09-26,1.1131023168563843,0.6821599006652832,144.68299865722656,1.2897800207138062,7.032299995422363,83.62409973144531,1335.050048828125
2024-09-27,1.117717981338501,0.689280092716217,145.0760040283203,1.2838799953460693,7.008999824523926,83.61710357666016,1313.300048828125
2024-09-30,1.1169815063476562,0.6918787360191345,142.7830047607422,1.2806999683380127,7.010300159454346,83.71640014648438,1309.300048828125
2024-10-01,1.113660216331482,0.6915801763534546,143.7100067138672,1.2850699424743652,7.017499923706055,83.82730102539062,1315.3299560546875
2024-10-02,1.1063904762268066,0.6879992485046387,143.73599243164062,1.2883000373840332,7.030399799346924,83.87210083007812,1324.8399658203125
2024-10-03,1.1048502922058105,0.6887099742889404,146.58200073242188,1.2920399904251099,7.037700176239014,83.91960144042969,1324.030029296875
2024-10-04,1.103557825088501,0.6850300431251526,146.83999633789062,1.2961000204086304,7.045100212097168,84.0093994140625,1334.4100341796875
2024-10-07,1.0974539518356323,0.6800592541694641,148.82000732421875,1.3046799898147583,7.017499923706055,84.02780151367188,1345.8800048828125
2024-10-08,1.0975743532180786,0.6755999326705933,148.14599609375,1.303920030593872,7.019100189208984,83.96410369873047,1342.3699951171875
2024-10-09,1.0975743532180786,0.6739597916603088,148.15899658203125,1.3042800426483154,7.057799816131592,83.91459655761719,1341.31005859375
2024-10-10,1.0943313837051392,0.6717401146888733,149.16000366210938,1.307289958000183,7.080100059509277,83.94219970703125,1343.02001953125
2024-10-11,1.0933860540390015,0.6740997433662415,148.70399475097656,1.30594003200531,7.080100059509277,83.94599914550781,1349.739990234375
2024-10-14,1.0925379991531372,0.6731105446815491,149.33399963378906,1.3074400424957275,7.065199851989746,84.16829681396484,1348.3299560546875
2024-10-15,1.0909169912338257,0.6725999116897583,149.6699981689453,1.3079400062561035,7.087200164794922,84.04850006103516,1357.27001953125
2024-10-16,1.0884116888046265,0.6682080030441284,149.0989990234375,1.3096100091934204,7.117800235748291,84.05619812011719,1363.1800537109375
2024-10-17,1.0862481594085693,0.6664889454841614,149.5760040283203,1.313349962234497,7.1184000968933105,84.03929901123047,1364.199951171875
2024-10-18,1.0829542875289917,0.6699718832969666,150.10000610351562,1.314170002937317,7.123000144958496,84.05380249023438,1370.050048828125
2024-10-21,1.0868619680404663,0.6716818809509277,149.60000610351562,1.309980034828186,7.100800037384033,84.0687026977539,1369.010009765625
2024-10-22,1.0817828178405762,0.6653094291687012,150.60499572753906,1.3166500329971313,7.118000030517578,84.07350158691406,1376.5
2024-10-23,1.079727053642273,0.6685997843742371,151.13800048828125,1.3161300420761108,7.121699810028076,84.08399963378906,1376.6300048828125
2024-10-24,1.0780508518218994,0.663599967956543,152.7689971923828,1.323009967803955,7.12529993057251,84.06759643554688,1377.3399658203125
2024-10-25,1.0824151039123535,0.663702130317688,151.7830047607422,1.3187299966812134,7.11870002746582,84.08180236816406,1376.3199462890625
2024-10-28,1.0796570777893066,0.6603406071662903,152.95199584960938,1.3233100175857544,7.120100021362305,84.10199737548828,1387.6600341796875
2024-10-29,1.0816774368286133,0.6582671999931335,153.1790008544922,1.3224799633026123,7.127500057220459,84.10279846191406,1381.969970703125
2024-10-30,1.0820636749267578,0.6563001871109009,153.2740020751953,1.3235299587249756,7.130099773406982,84.08930206298828,1383.1800537109375
2024-10-31,1.0859178304672241,0.6572798490524292,153.20399475097656,1.3219399452209473,7.114799976348877,84.08910369873047,1378.5699462890625
2024-11-01,1.0886130332946777,0.657680094242096,151.97999572753906,1.3196799755096436,7.118500232696533,84.09149932861328,1372.9300537109375
2024-11-04,1.087453007698059,0.6591914296150208,152.28700256347656,1.321969985961914,7.121699810028076,84.13359832763672,1379.3399658203125
2024-11-05,1.0874056816101074,0.6584101915359497,152.2760009765625,1.319700002670288,7.097799777984619,84.15249633789062,1372.8599853515625
2024-11-06,1.093445897102356,0.6641499996185303,151.43499755859375,1.3133599758148193,7.102200031280518,84.11630249023438,1378.0
2024-11-07,1.073306918144226,0.6567001342773438,154.32000732421875,1.333150029182434,7.1768999099731445,84.2511978149414,1399.800048828125
2024-11-08,1.0795172452926636,0.6676815152168274,153.17999267578125,1.3206700086593628,7.141200065612793,84.306396484375,1372.0799560546875
2024-11-11,1.0714898109436035,0.65845787525177,152.9040069580078,1.3276699781417847,7.178199768066406,84.38289642333984,1397.199951171875
2024-11-12,1.066439151763916,0.6577605605125427,153.47999572753906,1.3329499959945679,7.211100101470947,84.39649963378906,1400.550048828125
2024-11-13,1.061672568321228,0.6529401540756226,154.65499877929688,1.3388899564743042,7.231599807739258,84.39530181884766,1406.6500244140625
2024-11-14,1.0564124584197998,0.6492705345153809,155.4290008544922,1.3429499864578247,7.223499774932861,84.4229965209961,1399.0
2024-11-15,1.0530084371566772,0.6455498337745667,156.46800231933594,1.3457000255584717,7.2291998863220215,84.47380065917969,1400.8299560546875
2024-11-18,1.0533745288848877,0.6463413834571838,154.66400146484375,1.3423899412155151,7.230999946594238,84.47750091552734,1394.3499755859375
2024-11-19,1.059490442276001,0.650590181350708,154.61700439453125,1.338420033454895,7.235400199890137,84.39849853515625,1389.5
2024-11-20,1.0607603788375854,0.6541501879692078,154.71800231933594,1.3367700576782227,7.238100051879883,84.39759826660156,1392.1600341796875
2024-11-21,1.0546187162399292,0.6513999700546265,155.2949981689453,1.342650055885315,7.24399995803833,84.38310241699219,1397.6199951171875
2024-11-22,1.0469341278076172,0.6510289311408997,154.21800231933594,1.3466099500656128,7.233699798583984,84.48829650878906,1399.5999755859375
2024-11-25,1.0479873418807983,0.6539880037307739,154.14599609375,1.3430999517440796,7.242000102996826,84.43599700927734,1403.510009765625
2024-11-26,1.0444300174713135,0.646379828453064,154.3780059814453,1.3490999937057495,7.239500045776367,84.37750244140625,1395.56005859375
2024-11-27,1.0491198301315308,0.6475173830986023,153.00900268554688,1.3458800315856934,7.251999855041504,84.33910369873047,1395.27001953125
2024-11-28,1.0562450885772705,0.6497219204902649,151.33599853515625,1.3409500122070312,7.246200084686279,84.42030334472656,1388.469970703125
2024-11-29,1.0563008785247803,0.6507400274276733,151.1739959716797,1.3413200378417969,7.2428998947143555,84.47160339355469,1393.300048828125
2024-12-02,1.0545074939727783,0.6502415537834167,149.8979949951172,1.3411799669265747,7.240699768066406,84.55699920654297,1399.8599853515625
2024-12-03,1.0501223802566528,0.6475300192832947,149.50799560546875,1.3448799848556519,7.270899772644043,84.73709869384766,1401.06005859375
2024-12-04,1.0510826110839844,0.6485504508018494,149.64700317382812,1.3448699712753296,7.28380012512207,84.68309783935547,1411.6700439453125
2024-12-05,1.051414132118225,0.6432936787605286,150.56700134277344,1.343649983406067,7.263000011444092,84.70700073242188,1410.800048828125
2024-12-06,1.058559536933899,0.6449898481369019,150.20700073242188,1.3385499715805054,7.259200096130371,84.68379974365234,1399.989990234375
2024-12-09,1.0565463304519653,0.639991819858551,150.02999877929688,1.3411799669265747,7.2692999839782715,84.66600036621094,1424.219970703125
2024-12-10,1.0555204153060913,0.643790602684021,151.4080047607422,1.3403799533843994,7.259500026702881,84.84729766845703,1426.5999755859375
2024-12-11,1.0532968044281006,0.6376001834869385,151.8070068359375,1.3411999940872192,7.248700141906738,84.8740005493164,1433.949951171875
2024-12-12,1.0506850481033325,0.6383902430534363,152.2449951171875,1.3429399728775024,7.261099815368652,84.85710144042969,1429.1500244140625
2024-12-13,1.0474056005477905,0.6375001668930054,152.58700561523438,1.3461999893188477,7.267600059509277,84.83920288085938,1427.8599853515625
2024-12-16,1.051005244255066,0.6367115378379822,153.4530029296875,1.3481600284576416,7.275100231170654,84.802001953125,1434.449951171875
2024-12-17,1.0517348051071167,0.6376400589942932,154.08599853515625,1.3491699695587158,7.282400131225586,84.91729736328125,1431.3499755859375
2024-12-18,1.0495051145553589,0.6341153979301453,153.57200622558594,1.3494000434875488,7.284599781036377,84.91539764404297,1436.4200439453125
2024-12-19,1.0350252389907837,0.6206199526786804,154.67300415039062,1.3625999689102173,7.285399913787842,85.16549682617188,1451.5
2024-12-20,1.0364949703216553,0.6233997941017151,157.6439971923828,1.3615000247955322,7.295400142669678,85.27940368652344,1437.449951171875
2024-12-23,1.0433076620101929,0.6252892017364502,156.5330047607422,1.355370044708252,7.295400142669678,84.94499969482422,1445.4200439453125
2024-12-24,1.0405826568603516,0.6244925856590271,157.1649932861328,1.3571200370788574,7.296999931335449,85.0988998413086,1442.699951171875
2024-12-25,1.0402579307556152,0.6239081621170044,157.10699462890625,1.3597999811172485,7.294600009918213,85.18150329589844,1453.4200439453125
2024-12-26,1.0399551391601562,0.6244574785232544,157.13299560546875,1.3589799404144287,7.2972002029418945,85.41339874267578,1457.6099853515625
2024-12-27,1.0423181056976318,0.6223007440567017,157.7480010986328,1.358780026435852,7.297299861907959,85.26090240478516,1466.989990234375
2024-12-30,1.0429377555847168,0.6225099563598633,157.8730010986328,1.3579000234603882,7.297800064086914,85.38600158691406,1472.800048828125
2024-12-31,1.040615200996399,0.621999979019165,156.9949951171875,1.3592699766159058,7.298099994659424,85.7865982055664,1467.3900146484375
2025-01-02,1.0351860523223877,0.6194201707839966,157.718994140625,1.3654600381851196,7.298099994659424,85.78569793701172,1473.52001953125
2025-01-03,1.0268205404281616,0.6200800538063049,157.36199951171875,1.3695299625396729,7.298600196838379,85.80400085449219,1471.6500244140625
2025-01-06,1.0305347442626953,0.6220104694366455,157.4810028076172,1.370650053024292,7.3196001052856445,85.75900268554688,1465.530029296875
2025-01-07,1.0386372804641724,0.623910129070282,157.7429962158203,1.363700032234192,7.322299957275391,85.68070220947266,1459.449951171875
2025-01-08,1.034554123878479,0.6234919428825378,158.23599243164062,1.3646399974822998,7.326399803161621,85.80650329589844,1451.8800048828125
2025-01-09,1.0314701795578003,0.6211604475975037,158.19200134277344,1.3680399656295776,7.331500053405762,85.90750122070312,1457.969970703125
2025-01-10,1.0297601222991943,0.6189700961112976,158.04800415039062,1.367900013923645,7.332099914550781,85.91999816894531,1455.22998046875
2025-01-13,1.0244431495666504,0.6154982447624207,157.88699340820312,1.371250033378601,7.331699848175049,86.18800354003906,1472.25
2025-01-14,1.0265253782272339,0.6192100048065186,157.36399841308594,1.3681199550628662,7.329800128936768,86.65059661865234,1458.8900146484375
2025-01-15,1.0306835174560547,0.619160532951355,158.0500030517578,1.367050051689148,7.330900192260742,86.535400390625,1460.43994140625
2025-01-16,1.0295268297195435,0.6235401034355164,156.2550048828125,1.36627995967865,7.330100059509277,86.43099975585938,1437.219970703125
2025-01-17,1.0301949977874756,0.6210300922393799,155.3560028076172,1.3668800592422485,7.330999851226807,86.6061019897461,1453.3199462890625
2025-01-20,1.0277386903762817,0.6195403337478638,156.30599975585938,1.36735999584198,7.323999881744385,86.56900024414062,1457.3800048828125
2025-01-21,1.0420682430267334,0.6281000375747681,155.24899291992188,1.3549400568008423,7.313300132751465,86.21109771728516,1435.530029296875
2025-01-22,1.0405935049057007,0.6262015104293823,155.7740020751953,1.3547699451446533,7.271200180053711,86.45189666748047,1425.7900390625
2025-01-23,1.0410159826278687,0.6275002360343933,156.44000244140625,1.3551199436187744,7.271200180053711,86.47270202636719,1434.3399658203125
2025-01-24,1.041601538658142,0.6283262372016907,156.15499877929688,1.3560400009155273,7.286200046539307,86.44020080566406,1433.9300537109375
2025-01-27,1.0467586517333984,0.6292909979820251,155.74400329589844,1.3483400344848633,7.243100166320801,86.2030029296875,1427.6300048828125
2025-01-28,1.0445064306259155,0.6263799667358398,154.90899658203125,1.3490500450134277,7.250699996948242,86.46839904785156,1417.9200439453125
2025-01-29,1.0429050922393799,0.6254573464393616,155.5590057373047,1.351199984550476,7.250199794769287,86.58460235595703,1443.260009765625
2025-01-30,1.0425245761871338,0.6239782571792603,155.1699981689453,1.3486000299453735,7.169000148773193,86.6406021118164,1443.3199462890625
2025-01-31,1.0397279262542725,0.6215001940727234,154.0970001220703,1.351789951324463,7.1809000968933105,86.64700317382812,1441.6600341796875
2025-02-03,1.024779200553894,0.614420473575592,155.36300659179688,1.3682399988174438,7.185800075531006,86.55400085449219,1456.780029296875
2025-02-04,1.0327378511428833,0.6217397451400757,155.27699279785156,1.3596999645233154,7.195000171661377,86.94339752197266,1459.050048828125
2025-02-05,1.0372798442840576,0.6251093745231628,154.13299560546875,1.3525300025939941,7.1819000244140625,87.13009643554688,1450.1600341796875
2025-02-06,1.0400848388671875,0.6285473704338074,152.6060028076172,1.3485499620437622,7.270500183105469,87.33409881591797,1443.8900146484375
2025-02-07,1.0385725498199463,0.6281801462173462,151.1929931640625,1.350160002708435,7.287799835205078,87.58830261230469,1442.1500244140625
2025-02-10,1.0311616659164429,0.6258898973464966,151.8459930419922,1.3570200204849243,7.286799907684326,87.51309967041016,1450.6199951171875
2025-02-11,1.0301525592803955,0.6271283030509949,151.75900268554688,1.3558900356292725,7.304500102996826,87.49009704589844,1453.2099609375
2025-02-12,1.0364949703216553,0.629830002784729,152.73899841308594,1.3526999950408936,7.307199954986572,86.81120300292969,1450.75
2025-02-13,1.039198637008667,0.6282985806465149,154.2550048828125,1.3527499437332153,7.308800220489502,86.8740005493164,1452.1199951171875
2025-02-14,1.0461673736572266,0.6316919922828674,152.98899841308594,1.3437299728393555,7.28879976272583,86.75409698486328,1438.739990234375
2025-02-17,1.0489217042922974,0.6356511116027832,152.0229949951172,1.3395400047302246,7.252999782562256,86.43460083007812,1432.5999755859375
2025-02-18,1.048536777496338,0.6356107592582703,151.44400024414062,1.34089994430542,7.252999782562256,86.85479736328125,1441.2900390625
2025-02-19,1.044833779335022,0.6353119015693665,151.93099975585938,1.3419100046157837,7.278600215911865,86.88719940185547,1440.0799560546875
2025-02-20,1.0421009063720703,0.6341274976730347,151.22000122070312,1.3428499698638916,7.283299922943115,86.872802734375,1439.97998046875
2025-02-21,1.0500562191009521,0.6404098868370056,149.4080047607422,1.3330999612808228,7.255499839782715,86.45120239257812,1431.699951171875
2025-02-24,1.0474823713302612,0.6370319724082947,149.38699340820312,1.3356200456619263,7.25,86.52940368652344,1434.2900390625
2025-02-25,1.0461344718933105,0.6338099837303162,149.86399841308594,1.3392399549484253,7.247600078582764,86.69010162353516,1428.6500244140625
2025-02-26,1.0524100065231323,0.6352877020835876,149.0780029296875,1.335610032081604,7.247600078582764,87.0811996459961,1429.5
2025-02-27,1.0488777160644531,0.6310780644416809,148.83799743652344,1.3375799655914307,7.257999897003174,87.16220092773438,1434.4200439453125
2025-02-28,1.039511799812317,0.623219907283783,150.01199340820312,1.3479000329971313,7.285299777984619,87.3270034790039,1449.8599853515625
2025-03-03,1.0413846969604492,0.6220685243606567,150.77099609375,1.3494000434875488,7.282800197601318,87.46399688720703,1459.800048828125
2025-03-04,1.0485037565231323,0.6215812563896179,149.30499267578125,1.3462899923324585,7.284299850463867,87.32959747314453,1457.9300537109375
2025-03-05,1.062699317932129,0.6269985437393188,149.7989959716797,1.337980031967163,7.265100002288818,87.21700286865234,1452.8499755859375
2025-03-06,1.0794938802719116,0.6338099837303162,148.8979949951172,1.3307000398635864,7.2505998611450195,86.88929748535156,1443.030029296875
2025-03-07,1.0787951946258545,0.6332280039787292,148.10800170898438,1.3328100442886353,7.2505998611450195,87.12879943847656,1446.5
2025-03-10,1.086059331893921,0.6303898096084595,147.60800170898438,1.3295999765396118,7.234000205993652,87.07379913330078,1446.260009765625
2025-03-11,1.0839403867721558,0.6279513835906982,147.06900024414062,1.3336999416351318,7.259099960327148,87.3551025390625,1457.030029296875
2025-03-12,1.0914170742034912,0.6295286417007446,148.04200744628906,1.3309799432754517,7.259099960327148,87.20010375976562,1451.02001953125
2025-03-13,1.0886249542236328,0.6327592134475708,148.2790069580078,1.3323500156402588,7.237100124359131,87.3405990600586,1448.75
2025-03-14,1.085564136505127,0.6287410259246826,147.94900512695312,1.3353999853134155,7.237100124359131,86.9220962524414,1453.22998046875
2025-03-17,1.0881274938583374,0.6326191425323486,148.59800720214844,1.3335200548171997,7.237100124359131,86.93900299072266,1449.050048828125
2025-03-18,1.091917634010315,0.638198733329773,149.37899780273438,1.3301600217819214,7.232699871063232,86.91639709472656,1442.489990234375
2025-03-19,1.093948245048523,0.6361202001571655,149.45199584960938,1.330899953842163,7.22730016708374,86.57610321044922,1448.93994140625
2025-03-20,1.0911908149719238,0.6364116668701172,148.49000549316406,1.3294299840927124,7.230000019073486,86.33709716796875,1443.3900146484375
2025-03-21,1.0856702327728271,0.6303898096084595,148.5959930419922,1.3345799446105957,7.247700214385986,86.33609771728516,1465.8199462890625
2025-03-24,1.0835762023925781,0.6288319230079651,149.677001953125,1.3349000215530396,7.248499870300293,85.98699951171875,1464.780029296875
2025-03-25,1.0803569555282593,0.6285908222198486,150.7740020751953,1.338879942893982,7.252999782562256,85.53209686279297,1466.27001953125
2025-03-26,1.0787487030029297,0.6309000849723816,149.9499969482422,1.3360899686813354,7.256899833679199,85.59040069580078,1462.0899658203125
2025-03-27,1.0742061138153076,0.6287015080451965,150.47300720214844,1.341230034828186,7.256899833679199,86.09539794921875,1465.6800537109375
2025-03-28,1.080100178718567,0.6301594376564026,150.8470001220703,1.3393499851226807,7.263299942016602,85.69490051269531,1461.8900146484375
2025-03-31,1.082391619682312,0.6282907128334045,149.61700439453125,1.3427400588989258,7.262800216674805,85.53880310058594,1469.4100341796875
2025-04-01,1.0818880796432495,0.6241885423660278,149.91299438476562,1.3432400226593018,7.256700038909912,85.46810150146484,1471.9599609375
2025-04-02,1.0795987844467163,0.6289584636688232,149.7830047607422,1.3439199924468994,7.269700050354004,85.61009979248047,1469.969970703125
2025-04-03,1.090869426727295,0.6264698505401611,147.8719940185547,1.3458900451660156,7.267499923706055,85.65119934082031,1466.0400390625
2025-04-04,1.1043744087219238,0.6323510408401489,146.2310028076172,1.335260033607483,7.267499923706055,85.28289794921875,1450.6800537109375
2025-04-07,1.098454475402832,0.5987701416015625,145.43299865722656,1.3466399908065796,7.281300067901611,85.529296875,1458.52001953125
2025-04-08,1.0915361642837524,0.5997613072395325,147.78900146484375,1.3521100282669067,7.30810022354126,86.0270004272461,1469.949951171875
2025-04-09,1.0980443954467773,0.595528781414032,145.84500122070312,1.3522299528121948,7.338799953460693,86.435302734375,1486.1300048828125
2025-04-10,1.0952062606811523,0.6133614778518677,147.3990020751953,1.3422600030899048,7.349999904632568,86.20929718017578,1443.949951171875
2025-04-11,1.1257838010787964,0.6223394870758057,143.7469940185547,1.3286900520324707,7.314000129699707,86.2603988647461,1452.0400390625
2025-04-14,1.1343141794204712,0.6301316618919373,143.6959991455078,1.3202600479125977,7.291600227355957,86.19300079345703,1419.050048828125
2025-04-15,1.1339668035507202,0.631991446018219,143.2209930419922,1.3159199953079224,7.3119001388549805,86.0447998046875,1419.4200439453125
2025-04-16,1.1292672157287598,0.6337898373603821,143.18099975585938,1.31836998462677,7.3119001388549805,85.72669982910156,1427.02001953125
2025-04-17,1.1396790742874146,0.6372998952865601,141.92799377441406,1.3102999925613403,7.3119001388549805,85.62049865722656,1414.22998046875
2025-04-22,1.1512778997421265,0.6421988606452942,140.87600708007812,1.3050400018692017,7.298999786376953,85.15889739990234,1421.6400146484375
2025-04-23,1.1351252794265747,0.6376200914382935,142.68800354003906,1.313889980316162,7.311800003051758,85.2323989868164,1429.219970703125
2025-04-24,1.132733702659607,0.6365291476249695,143.22300720214844,1.3160300254821777,7.285999774932861,85.4999008178711,1426.449951171875
2025-04-25,1.1371906995773315,0.6403483152389526,142.87899780273438,1.3122899532318115,7.285999774932861,85.2573013305664,1430.06005859375
2025-04-28,1.1343141794204712,0.63840651512146,143.84100341796875,1.3151999711990356,7.286399841308594,85.38490295410156,1437.3599853515625
2025-04-29,1.1409143209457397,0.6428800821304321,142.17799377441406,1.3091700077056885,7.294000148773193,85.1603012084961,1435.8800048828125
2025-04-30,1.1389262676239014,0.6386919617652893,142.2989959716797,1.3082799911499023,7.269000053405762,85.1707992553711,1431.1600341796875
2025-05-01,1.1324899196624756,0.6413093209266663,143.00900268554688,1.3056399822235107,7.270599842071533,84.53119659423828,1423.75
2025-05-02,1.1296498775482178,0.6386797428131104,145.447998046875,1.3107600212097168,7.270599842071533,84.69670104980469,1435.0999755859375
2025-05-05,1.1323232650756836,0.644558310508728,144.62399291992188,1.2963999509811401,7.270599842071533,84.52629852294922,1398.9000244140625
2025-05-06,1.1313369274139404,0.6461409330368042,143.6540069580078,1.2902400493621826,7.269999980926514,84.2208023071289,1374.3699951171875
2025-05-07,1.1342755556106567,0.6506688594818115,143.03500366210938,1.2886899709701538,7.216300010681152,84.79319763183594,1374.77001953125
2025-05-08,1.1306205987930298,0.6434799432754517,143.84800720214844,1.2943899631500244,7.225200176239014,84.81719970703125,1397.2900390625
2025-05-09,1.122422695159912,0.6392595171928406,146.01499938964844,1.300510048866272,7.225200176239014,86.08219909667969,1403.8499755859375
2025-05-12,1.12296462059021,0.642091691493988,145.81199645996094,1.2976900339126587,7.236299991607666,85.4083023071289,1395.1700439453125
2025-05-13,1.1095577478408813,0.6371780633926392,148.30999755859375,1.3051999807357788,7.2017998695373535,84.9656982421875,1416.030029296875
2025-05-14,1.1185556650161743,0.6472617387771606,147.5279998779297,1.3008999824523926,7.205699920654297,85.060302734375,1416.0
2025-05-15,1.1181930303573608,0.6428800821304321,146.64999389648438,1.3006999492645264,7.205699920654297,85.48760223388672,1407.3299560546875
2025-05-16,1.1192693710327148,0.640578031539917,145.61300659179688,1.2966200113296509,7.206500053405762,85.44490051269531,1397.02001953125
2025-05-19,1.1187559366226196,0.6410001516342163,145.29800415039062,1.2982200384140015,7.209000110626221,85.50029754638672,1398.1300048828125
2025-05-20,1.1233429908752441,0.6455819606781006,144.97500610351562,1.2950400114059448,7.209000110626221,85.37210083007812,1388.550048828125
2025-05-21,1.1287955045700073,0.6425999999046326,144.3280029296875,1.2946200370788574,7.219399929046631,85.53610229492188,1392.72998046875
2025-05-22,1.133118748664856,0.6433101892471313,143.7550048828125,1.2894999980926514,7.201900005340576,85.60030364990234,1373.8599853515625
2025-05-23,1.1281843185424805,0.6409804821014404,143.85800170898438,1.2920399904251099,7.203700065612793,85.97489929199219,1381.3399658203125
2025-05-26,1.1372811794281006,0.6501189470291138,142.86700439453125,1.2847100496292114,7.203700065612793,85.19930267333984,1364.72998046875
2025-05-27,1.1388484239578247,0.6481007933616638,142.65499877929688,1.2834999561309814,7.203700065612793,85.158203125,1368.0999755859375
2025-05-28,1.1337097883224487,0.6447120904922485,144.177001953125,1.2882399559020996,7.203700065612793,85.3604965209961,1374.800048828125
2025-05-29,1.123368263244629,0.6425207257270813,145.69700622558594,1.29367995262146,7.203700065612793,85.38590240478516,1373.5999755859375
2025-05-30,1.1378376483917236,0.6445998549461365,143.7790069580078,1.2862499952316284,7.203700065612793,85.36129760742188,1370.4100341796875
2025-06-02,1.1353315114974976,0.644321620464325,143.81500244140625,1.2897000312805176,7.203700065612793,85.52429962158203,1381.989990234375
2025-06-03,1.1453442573547363,0.6498401165008545,142.45199584960938,1.2848399877548218,7.203700065612793,85.36370086669922,1376.0699462890625
2025-06-04,1.1384464502334595,0.646608829498291,143.83700561523438,1.2890199422836304,7.203700065612793,85.70880126953125,1377.719970703125
2025-06-05,1.1422044038772583,0.6490682363510132,142.73199462890625,1.2855000495910645,7.203700065612793,85.9041976928711,1361.0899658203125
2025-06-06,1.1453834772109985,0.6510501503944397,143.54200744628906,1.2862199544906616,7.175000190734863,85.87750244140625,1354.550048828125
2025-06-09,1.1407841444015503,0.6500217914581299,144.6909942626953,1.2883000373840332,7.188600063323975,85.7853012084961,1359.18994140625
2025-06-10,1.1428048610687256,0.6518101692199707,144.5399932861328,1.2856199741363525,7.180200099945068,85.75599670410156,1353.8499755859375
2025-06-11,1.143746018409729,0.6527202129364014,144.83799743652344,1.286020040512085,7.180200099945068,85.65280151367188,1363.8800048828125
2025-06-12,1.1509333848953247,0.6509501338005066,144.2030029296875,1.28371000289917,7.192800045013428,85.46980285644531,1365.68994140625
2025-06-13,1.1600254774093628,0.6527999043464661,143.19400024414062,1.2781599760055542,7.192800045013428,85.68840026855469,1349.7900390625
2025-06-16,1.1556684970855713,0.6499997973442078,144.09100341796875,1.2813999652862549,7.181000232696533,86.24919891357422,1365.1400146484375
2025-06-17,1.1551345586776733,0.6511001586914062,144.72900390625,1.281190037727356,7.178999900817871,86.10420227050781,1357.780029296875
2025-06-18,1.1482638120651245,0.6479797959327698,145.37600708007812,1.2862800359725952,7.184500217437744,86.36270141601562,1380.5
2025-06-19,1.1477497816085815,0.6507408618927002,144.9550018310547,1.2852599620819092,7.188799858093262,86.61360168457031,1370.75
2025-06-20,1.1512778997421265,0.6488786935806274,145.21800231933594,1.2848999500274658,7.188000202178955,86.58380126953125,1374.8900146484375
2025-06-23,1.1500862836837769,0.6446704864501953,146.2239990234375,1.2900500297546387,7.188000202178955,86.5802993774414,1369.469970703125
2025-06-24,1.1599044799804688,0.6477800011634827,145.92799377441406,1.2828400135040283,7.178999900817871,86.23300170898438,1361.93994140625
2025-06-25,1.161224365234375,0.6495999097824097,144.95700073242188,1.2801100015640259,7.171299934387207,85.90480041503906,1353.780029296875
2025-06-26,1.1683744192123413,0.6523114442825317,144.9040069580078,1.276729941368103,7.176400184631348,86.006103515625,1357.030029296875
2025-06-27,1.1692214012145996,0.654630184173584,144.69400024414062,1.2752900123596191,7.167500019073486,85.66639709472656,1352.760009765625
2025-06-30,1.1727453470230103,0.6533215045928955,144.51699829101562,1.2758500576019287,7.172100067138672,85.4552993774414,1363.5899658203125
2025-07-01,1.178717017173767,0.6578081846237183,143.8000030517578,1.2707300186157227,7.163599967956543,85.71399688720703,1348.5
2025-07-02,1.180553913116455,0.6583105325698853,143.40199279785156,1.2725499868392944,7.1645002365112305,85.6427993774414,1355.5899658203125
2025-07-03,1.18002450466156,0.6582901477813721,143.5260009765625,1.272779941558838,7.164899826049805,85.69409942626953,1354.75
2025-07-04,1.1771491765975952,0.6577298641204834,144.6820068359375,1.273859977722168,7.164899826049805,85.31909942626953,1357.0999755859375
2025-07-07,1.178078293800354,0.6551792025566101,144.4980010986328,1.2741700410842896,7.164899826049805,85.49629974365234,1362.199951171875
2025-07-08,1.1736538410186768,0.6506096124649048,145.89199829101562,1.2788900136947632,7.1743998527526855,85.89199829101562,1374.6400146484375
2025-07-09,1.1724566221237183,0.6524518728256226,146.8489990234375,1.279960036277771,7.173799991607666,85.7073974609375,1370.300048828125
2025-07-10,1.17311692237854,0.6535905003547668,146.11399841308594,1.2796499729156494,7.179999828338623,85.70850372314453,1373.0
2025-07-11,1.1702749729156494,0.6594000458717346,146.28799438476562,1.2793699502944946,7.174799919128418,85.73480224609375,1372.6400146484375
2025-07-14,1.1682106256484985,0.6578081846237183,147.2949981689453,1.2803900241851807,7.168099880218506,85.82129669189453,1378.1700439453125
2025-07-15,1.1666297912597656,0.6544716358184814,147.79200744628906,1.2823200225830078,7.166999816894531,85.96839904785156,1382.010009765625
2025-07-16,1.1607391834259033,0.651898980140686,148.76100158691406,1.284600019454956,7.172900199890137,85.99310302734375,1386.449951171875
2025-07-17,1.1635754108428955,0.6525000333786011,148.0030059814453,1.2832800149917603,7.178500175476074,85.88520050048828,1384.9200439453125
2025-07-18,1.161548137664795,0.649819016456604,148.44200134277344,1.2853100299835205,7.183199882507324,86.04650115966797,1391.5799560546875
2025-07-21,1.1630746126174927,0.6512112617492676,148.43099975585938,1.2847399711608887,7.177700042724609,86.14859771728516,1390.5699462890625
2025-07-22,1.1694538593292236,0.6528096795082092,147.40899658203125,1.2805299758911133,7.17549991607666,86.19529724121094,1381.8199462890625
2025-07-23,1.1739156246185303,0.6554712057113647,146.78500366210938,1.2785899639129639,7.174300193786621,86.3427963256836,1379.780029296875
2025-07-24,1.1774264574050903,0.6603999137878418,146.3489990234375,1.276379942893982,7.1595001220703125,86.39869689941406,1373.719970703125
2025-07-25,1.1756131649017334,0.6597176194190979,147.0050048828125,1.2770999670028687,7.153500080108643,86.4302978515625,1372.0
2025-07-28,1.1756821870803833,0.6572980284690857,147.81300354003906,1.280500054359436,7.153500080108643,86.506103515625,1382.780029296875
2025-07-29,1.1596757173538208,0.6524008512496948,148.47900390625,1.286370038986206,7.177800178527832,86.77760314941406,1388.2900390625
2025-07-30,1.1550945043563843,0.651321530342102,148.44200134277344,1.287600040435791,7.176400184631348,87.06320190429688,1388.8599853515625
2025-07-31,1.1429355144500732,0.6447120904922485,149.2259979248047,1.2957199811935425,7.176400184631348,87.714599609375,1392.52001953125
2025-08-01,1.142374038696289,0.6429089903831482,150.77200317382812,1.297700047492981,7.200200080871582,87.4894027709961,1391.510009765625
2025-08-04,1.158668041229248,0.6469100117683411,147.34300231933594,1.288390040397644,7.211599826812744,87.24530029296875,1390.1800537109375
2025-08-05,1.1584129333496094,0.6474796533584595,146.79299926757812,1.2867900133132935,7.177999973297119,87.89330291748047,1383.5899658203125
2025-08-06,1.1579166650772095,0.6472994685173035,147.55999755859375,1.287269949913025,7.1834001541137695,87.72309875488281,1386.5799560546875
2025-08-07,1.1663167476654053,0.6500217914581299,147.1929931640625,1.2851500511169434,7.182799816131592,87.76249694824219,1384.3900146484375
2025-08-08,1.1676650047302246,0.6525711417198181,146.83700561523438,1.2825100421905518,7.181000232696533,87.43319702148438,1384.969970703125
2025-08-11,1.1647952795028687,0.6517715454101562,147.66400146484375,1.2850500345230103,7.181000232696533,87.48829650878906,1387.81005859375
2025-08-12,1.1618449687957764,0.6514403223991394,148.125,1.28656005859375,7.187699794769287,87.66449737548828,1389.7900390625
2025-08-13,1.1677058935165405,0.6529802083969116,147.75799560546875,1.2828799486160278,7.178500175476074,87.59559631347656,1383.0899658203125
2025-08-14,1.171289324760437,0.6551706194877625,147.1199951171875,1.2796499729156494,7.174300193786621,87.44999694824219,1378.780029296875
2025-08-15,1.1651345491409302,0.6497514843940735,147.6909942626953,1.2843199968338013,7.179500102996826,87.69180297851562,1387.8699951171875
2025-08-18,1.1706587076187134,0.651296079158783,147.26400756835938,1.2827399969100952,7.181700229644775,87.51280212402344,1387.97998046875
2025-08-19,1.1668338775634766,0.6494801044464111,147.91600036621094,1.2844200134277344,7.184599876403809,87.29509735107422,1386.9100341796875
2025-08-20,1.164252758026123,0.6454598307609558,147.7310028076172,1.2852799892425537,7.1819000244140625,87.0791015625,1391.3399658203125
2025-08-21,1.165175199508667,0.6436100006103516,147.3179931640625,1.2851999998092651,7.1757001876831055,87.01820373535156,1396.9100341796875
2025-08-22,1.16130530834198,0.6425496339797974,148.38600158691406,1.288540005683899,7.179900169372559,87.29340362548828,1399.6099853515625
2025-08-25,1.1709601879119873,0.6484898924827576,147.21499633789062,1.2823200225830078,7.167500019073486,87.3301010131836,1382.8900146484375
2025-08-26,1.1618449687957764,0.6481099724769592,147.82200622558594,1.2859899997711182,7.151000022888184,87.60859680175781,1389.050048828125
2025-08-27,1.1639411449432373,0.6495801210403442,147.46200561523438,1.2854000329971313,7.1519999504089355,87.60070037841797,1393.949951171875
2025-08-28,1.1647952795028687,0.6511399745941162,147.3159942626953,1.285099983215332,7.1529998779296875,87.65910339355469,1392.75
2025-08-29,1.1681560277938843,0.6532399654388428,146.7899932861328,1.2823200225830078,7.1529998779296875,87.5916976928711,1384.4100341796875
2025-09-01,1.1691803932189941,0.6543598771095276,147.0970001220703,1.2835899591445923,7.13040018081665,88.17430114746094,1388.8399658203125
2025-09-02,1.1715912818908691,0.6556801199913025,147.08399963378906,1.2836300134658813,7.13040018081665,88.00140380859375,1392.93994140625
2025-09-03,1.163602590560913,0.6518301367759705,148.54800415039062,1.2890199422836304,7.138999938964844,87.99829864501953,1394.5699462890625
2025-09-04,1.16604483127594,0.6544399857521057,147.97999572753906,1.2879300117492676,7.14139986038208,88.072998046875,1389.6300048828125
2025-09-05,1.1656913757324219,0.6521999835968018,148.375,1.2889200448989868,7.14139986038208,88.19290161132812,1392.06005859375
2025-09-08,1.1713168621063232,0.655450165271759,148.343994140625,1.2855900526046753,7.132500171661377,88.1863021850586,1385.510009765625
2025-09-09,1.1769136190414429,0.6598090529441833,147.36399841308594,1.2826000452041626,7.129300117492676,87.98049926757812,1385.719970703125
2025-09-10,1.1702749729156494,0.6584700345993042,147.39199829101562,1.283120036125183,7.1209001541137695,88.21829986572266,1387.25
2025-09-11,1.1703435182571411,0.6619316339492798,147.33200073242188,1.282039999961853,7.120699882507324,88.05339813232422,1387.199951171875
2025-09-12,1.1734747886657715,0.6668000221252441,147.2239990234375,1.2816100120544434,7.1184000968933105,88.2676010131836,1389.5
2025-09-15,1.1726491451263428,0.6648998260498047,147.66600036621094,1.282670021057129,7.124199867248535,88.27729797363281,1393.699951171875
2025-09-16,1.1763737201690674,0.6673001646995544,147.40499877929688,1.2803399562835693,7.118500232696533,88.12349700927734,1385.010009765625
2025-09-17,1.1871408224105835,0.6688998937606812,146.41299438476562,1.2755000591278076,7.114200115203857,87.88459777832031,1377.6400146484375
2025-09-18,1.1826341152191162,0.6652501225471497,146.89100646972656,1.2770999670028687,7.103300094604492,87.91069793701172,1378.68994140625
2025-09-19,1.1791062355041504,0.6617901921272278,147.94700622558594,1.2817599773406982,7.1128997802734375,88.20690155029297,1386.75
2025-09-22,1.1736950874328613,0.6589308381080627,148.09500122070312,1.2854299545288086,7.1128997802734375,88.09919738769531,1396.22998046875
2025-09-23,1.1801080703735352,0.660199761390686,147.72500610351562,1.2818399667739868,7.113999843597412,88.30439758300781,1389.3900146484375
2025-09-24,1.1814465522766113,0.6597799062728882,147.61300659179688,1.283329963684082,7.111599922180176,88.80799865722656,1391.8499755859375
2025-09-25,1.1744670867919922,0.6586921215057373,148.75100708007812,1.2883100509643555,7.131499767303467,88.77860260009766,1403.6500244140625
2025-09-26,1.166275978088379,0.6537314653396606,149.86099243164062,1.2943600416183472,7.133800029754639,88.77310180664062,1408.9200439453125
2025-09-29,1.170823097229004,0.6553998589515686,149.40499877929688,1.2913000583648682,7.132800102233887,88.67680358886719,1408.7099609375
2025-09-30,1.1731443405151367,0.6581978797912598,148.59500122070312,1.2896900177001953,7.1194000244140625,88.70449829101562,1399.3299560546875
2025-10-01,1.1735849380493164,0.6610700488090515,147.9969940185547,1.2902100086212158,7.11899995803833,88.8406982421875,1403.1500244140625
2025-10-02,1.1734058856964111,0.6615498065948486,147.08299255371094,1.287660002708435,7.11899995803833,88.68299865722656,1401.8199462890625
2025-10-03,1.1725116968154907,0.6598090529441833,147.14999389648438,1.2885600328445435,7.11899995803833,88.72019958496094,1405.6300048828125
2025-10-06,1.171248197555542,0.6593101024627686,149.6060028076172,1.2917300462722778,7.11899995803833,88.73509979248047,1406.06005859375
2025-10-07,1.171028733253479,0.6616500020027161,150.33099365234375,1.2911200523376465,7.11899995803833,88.72109985351562,1409.9200439453125
2025-10-08,1.1654603481292725,0.6580505967140198,152.05099487304688,1.2935500144958496,7.11899995803833,88.74259948730469,1414.5699462890625
2025-10-09,1.1631964445114136,0.6584500670433044,152.67999267578125,1.2955199480056763,7.118500232696533,88.7771987915039,1422.52001953125
2025-10-10,1.156644344329834,0.6561291813850403,152.96499633789062,1.2991700172424316,7.127500057220459,88.86540222167969,1421.510009765625
2025-10-13,1.160240888595581,0.6498401165008545,152.05599975585938,1.2970999479293823,7.099999904632568,88.7573013305664,1429.030029296875
2025-10-14,1.1566845178604126,0.651159942150116,152.4340057373047,1.2992700338363647,7.099999904632568,88.66510009765625,1426.0699462890625
2025-10-15,1.1602274179458618,0.6491301655769348,151.7310028076172,1.2983800172805786,7.138400077819824,88.78250122070312,1429.4300537109375
2025-10-16,1.1646324396133423,0.6508001685142517,150.9739990234375,1.2954599857330322,7.126200199127197,87.80950164794922,1420.0899658203125
2025-10-17,1.1699601411819458,0.64823979139328,150.1199951171875,1.2928099632263184,7.123000144958496,87.9906997680664,1415.719970703125
2025-10-20,1.165745735168457,0.6501701474189758,150.89999389648438,1.2954399585723877,7.126399993896484,88.0022964477539,1419.739990234375
2025-10-21,1.164442539215088,0.6516313552856445,150.7740020751953,1.2936400175094604,7.119500160217285,87.87999725341797,1419.739990234375
2025-10-22,1.160038948059082,0.6491904854774475,151.89300537109375,1.2983900308609009,7.121799945831299,88.00160217285156,1430.739990234375
2025-10-23,1.1608469486236572,0.6489999890327454,151.95399475097656,1.297819972038269,7.125699996948242,87.74030303955078,1430.4000244140625
2025-10-24,1.1618045568466187,0.6514798402786255,152.6020050048828,1.2985999584197998,7.125699996948242,87.77899932861328,1435.8399658203125
2025-10-27,1.1631693840026855,0.653398334980011,153.06100463867188,1.298050045967102,7.121099948883057,87.8290023803711,1436.969970703125
2025-10-28,1.165175199508667,0.6558598279953003,152.69200134277344,1.2961100339889526,7.110199928283691,88.22209930419922,1430.969970703125
2025-10-29,1.1657865047454834,0.6585099697113037,151.7310028076172,1.2932599782943726,7.098800182342529,88.22550201416016,1425.969970703125
2025-10-30,1.1603351831436157,0.657680094242096,152.7220001220703,1.2972300052642822,7.098999977111816,88.34559631347656,1424.010009765625
2025-10-31,1.157246708869934,0.6559299826622009,153.89999389648438,1.2992000579833984,7.109799861907959,88.6344985961914,1424.02001953125
2025-11-03,1.1528042554855347,0.6545702219009399,154.19500732421875,1.3018100261688232,7.1168999671936035,88.77539825439453,1427.1700439453125
2025-11-04,1.1519144773483276,0.6541078090667725,154.20399475097656,1.3049399852752686,7.171800136566162,88.72339630126953,1428.969970703125
2025-11-05,1.1485539674758911,0.6485601663589478,153.5570068359375,1.307610034942627,7.129499912261963,88.73200225830078,1439.81005859375
2025-11-06,1.1496764421463013,0.6509907841682434,154.072998046875,1.3061000108718872,7.125999927520752,88.55690002441406,1439.739990234375
2025-11-07,1.1549211740493774,0.6483898758888245,152.947998046875,1.304129958152771,7.118599891662598,88.6729965209961,1447.9000244140625
2025-11-10,1.1543878316879272,0.650239884853363,153.81700134277344,1.3026200532913208,7.118599891662598,88.65799713134766,1454.0
2025-11-11,1.1557220220565796,0.653488039970398,154.14599609375,1.3025399446487427,7.11929988861084,88.70709991455078,1456.0899658203125
2025-11-12,1.1587486267089844,0.6529499292373657,154.0749969482422,1.3009799718856812,7.11929988861084,88.46649932861328,1459.8399658203125
2025-11-13,1.159218668937683,0.6536400318145752,154.71299743652344,1.301759958267212,7.11929988861084,88.59400177001953,1468.02001953125
2025-11-14,1.1631964445114136,0.6529000401496887,154.63299560546875,1.3011800050735474,7.111999988555908,88.81610107421875,1468.7099609375
2025-11-17,1.1615345478057861,0.6533001661300659,154.5850067138672,1.2989599704742432,7.0991997718811035,88.68199920654297,1446.530029296875
2025-11-18,1.159057378768921,0.6492701172828674,155.2729949951172,1.3029099702835083,7.107500076293945,88.63590240478516,1461.68994140625
2025-11-19,1.1581177711486816,0.6509018540382385,155.54800415039062,1.3009999990463257,7.107500076293945,88.55680084228516,1456.550048828125
2025-11-20,1.154068112373352,0.649000883102417,156.99200439453125,1.3059799671173096,7.107500076293945,88.48719787597656,1466.1300048828125
2025-11-21,1.1534557342529297,0.6449499130249023,157.36900329589844,1.3073400259017944,7.107500076293945,88.69219970703125,1473.25
2025-11-24,1.1507612466812134,0.6462398767471313,156.68800354003906,1.3071500062942505,7.106599807739258,89.63400268554688,1467.72998046875
2025-11-25,1.1520073413848877,0.6465799808502197,156.93899536132812,1.304800033569336,7.102200031280518,89.14779663085938,1474.8599853515625
2025-11-26,1.156483769416809,0.6470301151275635,156.22999572753906,1.3018900156021118,7.084499835968018,89.15059661865234,1464.9200439453125
2025-11-27,1.1602139472961426,0.6524859666824341,156.23899841308594,1.296339988708496,7.075799942016602,89.16300201416016,1470.5899658203125
2025-11-28,1.1599851846694946,0.653579831123352,156.28399658203125,1.296720027923584,7.075799942016602,89.36479949951172,1461.4000244140625
2025-12-01,1.1601465940475464,0.6551298499107361,155.92799377441406,1.295639991760254,7.075099945068359,89.3499984741211,1465.6199951171875
2025-12-02,1.1607661247253418,0.6544001698493958,155.5570068359375,1.2964799404144287,7.071700096130371,89.61270141601562,1470.1700439453125
2025-12-03,1.1627906560897827,0.6573700904846191,155.8070068359375,1.295989990234375,7.070000171661377,89.91719818115234,1467.3599853515625
2025-12-04,1.1666841506958008,0.6605019569396973,155.10699462890625,1.2937400341033936,7.063600063323975,90.17050170898438,1465.030029296875
2025-12-05,1.1642799377441406,0.660641610622406,155.14199829101562,1.2964400053024292,7.071400165557861,89.8364028930664,1472.3800048828125
2025-12-08,1.164022445678711,0.6635400652885437,155.33999633789062,1.2959699630737305,7.0696001052856445,89.93800354003906,1471.81005859375
2025-12-09,1.1641442775726318,0.6627300977706909,155.843994140625,1.2975399494171143,7.071000099182129,90.12999725341797,1468.510009765625
2025-12-10,1.1628313064575195,0.6640987992286682,156.83799743652344,1.2969399690628052,7.063300132751465,89.91690063476562,1467.9300537109375
2025-12-11,1.1701242923736572,0.6674498319625854,155.7899932861328,1.292140007019043,7.064000129699707,89.79299926757812,1469.0400390625
2025-12-12,1.1739431619644165,0.6665000319480896,155.56700134277344,1.2917499542236328,7.0578999519348145,90.25299835205078,1470.8499755859375
2025-12-15,1.1737639904022217,0.6647300720214844,155.88800048828125,1.2917300462722778,7.053999900817871,90.5770034790039,1472.9100341796875
2025-12-16,1.1754610538482666,0.6641799807548523,155.01499938964844,1.289430022239685,7.046999931335449,90.77690124511719,1467.47998046875
2025-12-17,1.1749500036239624,0.6634001135826111,154.7779998779297,1.2890299558639526,7.0416998863220215,90.94889831542969,1471.739990234375
2025-12-18,1.1742326021194458,0.6601501107215881,155.4949951171875,1.291159987449646,7.043000221252441,90.4136962890625,1474.0
2025-12-19,1.1725666522979736,0.6613800525665283,155.58599853515625,1.2897000312805176,7.040500164031982,90.25579833984375,1474.3599853515625
2025-12-22,1.1708093881607056,0.6610198020935059,157.67599487304688,1.2929099798202515,7.040900230407715,89.56999969482422,1473.719970703125
2025-12-23,1.1765950918197632,0.6658400893211365,156.8769989013672,1.2878799438476562,7.040900230407715,89.60389709472656,1476.8399658203125
2025-12-24,1.179551362991333,0.6701900959014893,156.17599487304688,1.2844300270080566,7.0279998779296875,89.50789642333984,1478.6700439453125
2025-12-26,1.1785364151000977,0.6705604195594788,156.08999633789062,1.2841099500656128,7.0279998779296875,90.10590362548828,1446.52001953125
2025-12-29,1.1772738695144653,0.6714099645614624,156.46299743652344,1.2843300104141235,7.0279998779296875,89.82929992675781,1441.3299560546875
2025-12-30,1.1772878170013428,0.6695501804351807,156.01300048828125,1.2848999500274658,7.0055999755859375,89.9000015258789,1434.7099609375
2025-12-31,1.1747292280197144,0.6697999835014343,156.41299438476562,1.2839000225067139,6.996099948883057,89.76940155029297,1437.9100341796875
2026-01-02,1.175046682357788,0.6678299903869629,156.7310028076172,1.2847000360488892,6.996099948883057,89.96189880371094,1443.6400146484375
2026-01-05,1.1704667806625366,0.6683902144432068,156.98899841308594,1.287850022315979,6.993100166320801,90.00700378417969,1440.47998046875
2026-01-06,1.1714951992034912,0.6713401079177856,156.62600708007812,1.2828600406646729,6.98799991607666,90.23300170898438,1445.56005859375
2026-01-07,1.1688251495361328,0.6737000942230225,156.67999267578125,1.2805500030517578,6.983399868011475,90.16609954833984,1444.9599609375
2026-01-08,1.1676785945892334,0.672210156917572,156.7310028076172,1.2825499773025513,6.996500015258789,89.8644027709961,1446.1400146484375
2026-01-09,1.1657865047454834,0.6701065301895142,156.8800048828125,1.285099983215332,6.983500003814697,89.90540313720703,1450.0799560546875
2026-01-12,1.1623716354370117,0.6685801148414612,158.1490020751953,1.2872400283813477,6.977200031280518,90.23600006103516,1455.239990234375
2026-01-13,1.1666978597640991,0.6707807779312134,157.98599243164062,1.2855900526046753,6.973100185394287,90.13269805908203,1464.9300537109375
2026-01-14,1.164252758026123,0.6683598756790161,159.1790008544922,1.2888699769973755,6.977499961853027,90.27300262451172,1473.010009765625
2026-01-15,1.1646324396133423,0.6682798862457275,158.40199279785156,1.2875299453735352,6.9730000495910645,90.18319702148438,1462.9000244140625
2026-01-16,1.1609008312225342,0.6704210042953491,158.5959930419922,1.2878899574279785,6.966000080108643,90.36160278320312,1468.8399658203125
2026-01-19,1.162493348121643,0.6687598824501038,157.53500366210938,1.2867499589920044,6.968100070953369,90.7020034790039,1471.5799560546875
2026-01-20,1.1639139652252197,0.6709878444671631,158.177001953125,1.2852200269699097,6.968100070953369,90.90450286865234,1471.52001953125
2026-01-21,1.1727865934371948,0.6731699109077454,158.16200256347656,1.2837899923324585,6.95989990234375,91.11840057373047,1477.780029296875
2026-01-22,1.1672970056533813,0.6754794120788574,158.45599365234375,1.285290002822876,6.963699817657471,91.53690338134766,1464.8299560546875
2026-01-23,1.1754610538482666,0.6840506792068481,158.50100708007812,1.2800999879837036,6.972599983215332,91.55829620361328,1463.260009765625
2026-01-26,1.1858457326889038,0.691399872303009,155.16600036621094,1.2711199522018433,6.972599983215332,91.5009994506836,1444.81005859375
2026-01-27,1.1876484155654907,0.691472053527832,154.33599853515625,1.2700999975204468,6.95419979095459,91.71309661865234,1440.97998046875
2026-01-28,1.2017642259597778,0.6995800137519836,152.4530029296875,1.260699987411499,6.954500198364258,91.5343017578125,1432.510009765625
2026-01-29,1.1977769136428833,0.7039799094200134,153.0959930419922,1.2613199949264526,6.954500198364258,92.04080200195312,1429.27001953125
2026-01-30,1.19657301902771,0.7047300934791565,153.16200256347656,1.2638700008392334,6.947999954223633,91.78189849853516,1428.760009765625
2026-02-02,1.1849182844161987,0.6946277618408203,155.20199584960938,1.272189974784851,6.951000213623047,91.68699645996094,1448.800048828125
2026-02-03,1.1798714399337769,0.6955500841140747,155.4429931640625,1.2716100215911865,6.946300029754639,90.24559783935547,1452.5400390625
2026-02-04,1.1816140413284302,0.7022520899772644,155.7989959716797,1.2699899673461914,6.937699794769287,90.42289733886719,1446.6800537109375
2026-02-05,1.180163860321045,0.699440062046051,156.91700744628906,1.272779941558838,6.937699794769287,90.125,1460.1099853515625
2026-02-06,1.177786946296692,0.6916399002075195,156.78399658203125,1.2755800485610962,6.93779993057251,90.3147964477539,1470.6800537109375
2026-02-09,1.182578206062317,0.7033699154853821,157.24400329589844,1.2711299657821655,6.938799858093262,90.58799743652344,1462.4000244140625
2026-02-10,1.1904053688049316,0.7083597779273987,156.1320037841797,1.2658900022506714,6.921999931335449,90.82279968261719,1458.5400390625
2026-02-11,1.1889617443084717,0.7074797749519348,154.48199462890625,1.2653700113296509,6.910600185394287,90.58789825439453,1455.3299560546875
2026-02-12,1.1876062154769897,0.7125298380851746,153.2689971923828,1.2619400024414062,6.912499904632568,90.73570251464844,1444.18994140625
2026-02-13,1.1868449449539185,0.7087101936340332,152.8209991455078,1.2623499631881714,6.900100231170654,90.56410217285156,1440.9000244140625
2026-02-16,1.1867464780807495,0.7070400714874268,152.7790069580078,1.2625399827957153,6.9079999923706055,90.57119750976562,1439.52001953125
2026-02-17,1.1849884986877441,0.7072985768318176,153.60899353027344,1.2624200582504272,6.9079999923706055,90.78299713134766,1440.22998046875
2026-02-18,1.185185194015503,0.708320140838623,153.1490020751953,1.2626800537109375,6.9079999923706055,90.6261978149414,1439.969970703125
2026-02-19,1.1788839101791382,0.704379141330719,154.6929931640625,1.267199993133545,6.9079999923706055,90.79350280761719,1440.1600341796875
2026-02-20,1.1769136190414429,0.7056102752685547,155.16000366210938,1.2684299945831299,6.908100128173828,91.04109954833984,1447.75
2026-02-23,1.1834739446640015,0.7111399173736572,154.33900451660156,1.264140009880066,6.9079999923706055,90.72660064697266,1443.43994140625
2026-02-24,1.1793843507766724,0.706070065498352,154.63499450683594,1.2661900520324707,6.9079999923706055,91.02010345458984,1442.199951171875
2026-02-25,1.1775233745574951,0.7060999870300293,155.8800048828125,1.2662999629974365,6.8831000328063965,90.91799926757812,1439.989990234375
2026-02-26,1.181516408920288,0.7120498418807983,156.1999969482422,1.2627500295639038,6.869200229644775,90.95099639892578,1426.9300537109375
2026-02-27,1.1803030967712402,0.71017986536026,155.85899353027344,1.263200044631958,6.84089994430542,91.00740051269531,1432.3199462890625
2026-03-02,1.1759449243545532,0.7058109045028687,156.63299560546875,1.2695499658584595,6.857900142669678,91.07959747314453,1438.5
2026-03-03,1.1697274446487427,0.710580050945282,157.2570037841797,1.272379994392395,6.881999969482422,91.56340026855469,1452.27001953125
2026-03-04,1.161224365234375,0.7040701508522034,157.7729949951172,1.2770099639892578,6.899700164794922,92.00859832763672,1483.0699462890625
2026-03-05,1.1635618209838867,0.7075998783111572,156.98300170898438,1.2747299671173096,6.896999835968018,92.12300109863281,1460.75
2026-03-06,1.1608065366744995,0.7011299729347229,157.53399658203125,1.2797000408172607,6.896999835968018,91.78690338134766,1479.510009765625
2026-03-09,1.152325987815857,0.6966199278831482,158.427001953125,1.2842700481414795,6.896500110626221,91.93620300292969,1483.8900146484375
2026-03-10,1.1617234945297241,0.7068586349487305,157.84800720214844,1.2750799655914307,6.910999774932861,91.220703125,1464.469970703125
2026-03-11,1.1611299514770508,0.712100088596344,158.11399841308594,1.2730000019073486,6.876500129699707,92.16510009765625,1472.780029296875
2026-03-12,1.1543211936950684,0.7129209637641907,159.0749969482422,1.27606999874115,6.865499973297119,92.22879791259766,1475.3399658203125
2026-03-13,1.1521666049957275,0.7075298428535461,159.20599365234375,1.278480052947998,6.868899822235107,92.38990020751953,1470.5799560546875
2026-03-16,1.1435105800628662,0.7005700469017029,159.5679931640625,1.2823699712753296,6.896100044250488,92.5635986328125,1501.75
2026-03-17,1.1499539613723755,0.706848680973053,159.10499572753906,1.2782299518585205,6.95550012588501,92.28269958496094,1488.9100341796875
2026-03-18,1.153948187828064,0.710909903049469,158.88900756835938,1.2762000560760498,6.886300086975098,92.39129638671875,1484.8699951171875
2026-03-19,1.1464471817016602,0.7029501795768738,159.7949981689453,1.2833199501037598,6.872600078582764,93.24659729003906,1505.25
2026-03-20,1.157755732536316,0.708109974861145,157.9239959716797,1.277500033378601,6.899799823760986,93.0822982788086,1489.8399658203125
2026-03-23,1.1560158729553223,0.7007802128791809,159.23399353027344,1.2819700241088867,6.885700225830078,93.89530181884766,1504.2099609375
2026-03-24,1.1607122421264648,0.7006098031997681,158.47900390625,1.275189995765686,6.880000114440918,93.24369812011719,1485.3599853515625
2026-03-25,1.16146719455719,0.6996901631355286,158.71800231933594,1.2774100303649902,6.8917999267578125,94.29969787597656,1497.31005859375
2026-03-26,1.1561496257781982,0.6942901611328125,159.38400268554688,1.2810399532318115,6.901000022888184,94.6937026977539,1500.969970703125
2026-03-27,1.1535090208053589,0.6887398958206177,159.70399475097656,1.2858200073242188,6.910699844360352,94.30950164794922,1508.3599853515625
2026-03-30,1.149200677871704,0.6850901246070862,160.23399353027344,1.2898199558258057,6.911600112915039,94.78179931640625,1507.02001953125
2026-03-31,1.1460003852844238,0.6845901012420654,159.84100341796875,1.2920000553131104,6.911600112915039,94.35590362548828,1516.1300048828125
2026-04-01,1.1574207544326782,0.692051112651825,158.57899475097656,1.2843400239944458,6.894199848175049,93.48429870605469,1503.3299560546875
2026-04-02,1.159057378768921,0.6923999190330505,158.68800354003906,1.2826000452041626,6.870500087738037,92.6426010131836,1512.0899658203125
2026-04-03,1.1541746854782104,0.6911499500274658,159.49099731445312,1.2848999500274658,6.8850998878479,92.97360229492188,1509.219970703125
2026-04-06,1.150999665260315,0.6885501742362976,159.77999877929688,1.2875200510025024,6.882400035858154,92.97100067138672,1509.260009765625
2026-04-07,1.1541212797164917,0.6916901469230652,159.68299865722656,1.2849400043487549,6.882299900054932,92.81659698486328,1507.8499755859375
2026-04-08,1.1686612367630005,0.707679033279419,158.71600341796875,1.2757600545883179,6.8566999435424805,92.86019897460938,1499.1300048828125
2026-04-09,1.16593599319458,0.703937828540802,158.64199829101562,1.274549961090088,6.828700065612793,92.2748031616211,1477.5999755859375
2026-04-10,1.1691256761550903,0.7075698375701904,159.11199951171875,1.2732900381088257,6.831399917602539,92.46980285644531,1473.280029296875
2026-04-13,1.1675150394439697,0.7019898295402527,159.67999267578125,1.2776700258255005,6.8277997970581055,94.50879669189453,1482.1800537109375
2026-04-14,1.176885962486267,0.7099298238754272,159.21400451660156,1.2714999914169312,6.8302998542785645,94.9468002319336,1476.8399658203125
2026-04-15,1.179940938949585,0.7129300832748413,158.79200744628906,1.2707899808883667,6.815700054168701,93.16539764404297,1469.4200439453125
2026-04-16,1.1809163093566895,0.7175799012184143,158.8090057373047,1.270650029182434,6.817999839782715,93.38680267333984,1474.06005859375
2026-04-17,1.1782727241516113,0.7159000635147095,159.19500732421875,1.2731200456619263,6.821100234985352,93.04789733886719,1477.9200439453125
2026-04-20,1.1741223335266113,0.7134998440742493,159.16099548339844,1.273550033569336,6.816999912261963,92.60330200195312,1465.1500244140625
2026-04-21,1.1784392595291138,0.7174198627471924,158.843994140625,1.2700400352478027,6.817399978637695,93.12359619140625,1469.260009765625
2026-04-22,1.174425721168518,0.7156198024749756,159.3730010986328,1.2732900381088257,6.820799827575684,93.622802734375,1485.800048828125
2026-04-23,1.1706037521362305,0.7158001661300659,159.48800659179688,1.2757200002670288,6.82420015335083,93.80049896240234,1477.9599609375
2026-04-24,1.16838800907135,0.7129616141319275,159.7469940185547,1.2777999639511108,6.826000213623047,94.11289978027344,1479.949951171875
2026-04-27,1.1706448793411255,0.7143500447273254,159.5760040283203,1.2770999670028687,6.835899829864502,94.25029754638672,1474.68994140625
2026-04-28,1.1723467111587524,0.7190897464752197,159.35699462890625,1.2739700078964233,6.822800159454346,94.25849914550781,1473.0
2026-04-29,1.171783447265625,0.7187212109565735,159.552001953125,1.2760000228881836,6.837399959564209,94.64550018310547,1471.989990234375
2026-04-30,1.168470025062561,0.7131141424179077,160.1840057373047,1.2802900075912476,6.837500095367432,94.9166030883789,1487.3800048828125
2026-05-01,1.172910451889038,0.720079779624939,156.97799682617188,1.2727999687194824,6.827300071716309,94.75910186767578,1474.010009765625
2026-05-04,1.1726628541946411,0.7212925553321838,156.8459930419922,1.2727700471878052,6.827499866485596,94.90299987792969,1471.72998046875
2026-05-05,1.1691941022872925,0.7167482376098633,157.19400024414062,1.2768399715423584,6.829999923706055,95.2593994140625,1476.050048828125
2026-05-06,1.1715774536132812,0.7203900218009949,157.677001953125,1.2740600109100342,6.830100059509277,95.18299865722656,1473.9599609375
2026-05-07,1.1747430562973022,0.7235099673271179,156.50799560546875,1.267699956893921,6.810999870300293,94.60800170898438,1444.449951171875
2026-05-08,1.1731581687927246,0.7208600044250488,156.82899475097656,1.2691400051116943,6.801400184631348,94.25299835205078,1454.7900390625
2026-05-11,1.176885962486267,0.7236999869346619,156.85800170898438,1.2680200338363647,6.80049991607666,94.42530059814453,1460.550048828125
2026-05-12,1.177994966506958,0.7246218919754028,157.2310028076172,1.2689800262451172,6.7947998046875,95.39140319824219,1474.449951171875
2026-05-13,1.1735436916351318,0.7237801551818848,157.67100524902344,1.2717900276184082,6.791999816894531,95.63300323486328,1492.989990234375
2026-05-14,1.1716049909591675,0.7254998683929443,157.8509979248047,1.2722699642181396,6.790800094604492,95.69580078125,1489.8399658203125
2026-05-15,1.166208028793335,0.7214298844337463,158.3820037841797,1.2764699459075928,6.785099983215332,95.70989990234375,1493.3399658203125
2026-05-18,1.161440134048462,0.7130200862884521,158.843994140625,1.2812399864196777,6.809199810028076,95.97029876708984,1497.1500244140625
2026-05-19,1.1655147075653076,0.7172901630401611,158.86099243164062,1.2783399820327759,6.800000190734863,96.27020263671875,1492.3199462890625
2026-05-20,1.1607122421264648,0.7106598019599915,159.03500366210938,1.2820099592208862,6.814499855041504,96.56580352783203,1507.8499755859375
2026-05-21,1.1625338792800903,0.7150007486343384,158.88800048828125,1.277809977531433,6.80049991607666,96.5282974243164,1499.77001953125
2026-05-22,1.1621150970458984,0.7148299813270569,159.01800537109375,1.2777299880981445,6.802499771118164,96.17389678955078,1504.4000244140625
2026-05-25,1.164225697517395,0.7157202363014221,158.9459991455078,1.2768800258636475,6.79449987411499,95.71949768066406,1512.8299560546875
2026-05-26,1.1637378931045532,0.717029869556427,158.95399475097656,1.2774499654769897,6.79449987411499,95.25279998779297,1514.7900390625
2026-05-27,1.1636837720870972,0.717079758644104,159.2429962158203,1.2768000364303589,6.785999774932861,95.90499877929688,1505.43994140625
2026-05-28,1.1617909669876099,0.7133201360702515,159.5679931640625,1.2779200077056885,6.778800010681152,96.04889678955078,1503.1099853515625
2026-05-29,1.1652837991714478,0.7164201736450195,159.27000427246094,1.2755000591278076,6.7795000076293945,96.04820251464844,1495.2900390625
2026-06-01,1.164890170097351,0.7180498242378235,159.35299682617188,1.2768700122833252,6.766200065612793,95.00299835205078,1506.8399658203125
2026-06-02,1.1635483503341675,0.7164298892021179,159.63600158691406,1.278309941291809,6.764999866485596,95.55139923095703,1511.27001953125
2026-06-03,1.1622096300125122,0.7174115777015686,159.96800231933594,1.2798000574111938,6.762199878692627,95.26300048828125,1516.5999755859375
2026-06-04,1.160941243171692,0.7134499549865723,159.94000244140625,1.282960057258606,6.769199848175049,96.16449737548828,1530.1099853515625
2026-06-05,1.1612648963928223,0.7132158875465393,159.99000549316406,1.284690022468567,6.773499965667725,95.79029846191406,1533.0699462890625
2026-06-08,1.1522595882415771,0.7043498158454895,160.32699584960938,1.2905000448226929,6.765500068664551,94.95030212402344,1554.47998046875
2026-06-09,1.1528440713882446,0.704049825668335,160.1739959716797,1.2887799739837646,6.765500068664551,95.68830108642578,1528.8800048828125
2026-06-10,1.1535356044769287,0.7023113369941711,160.38400268554688,1.2873899936676025,6.772500038146973,95.36029815673828,1525.81005859375
2026-06-11,1.1535621881484985,0.6994200348854065,160.52699279785156,1.288100004196167,6.772500038146973,95.64450073242188,1525.050048828125
2026-06-12,1.157594919204712,0.7047901749610901,160.1300048828125,1.2840800285339355,6.7754998207092285,95.76010131835938,1517.3800048828125
2026-06-15,1.1603081226348877,0.7075197696685791,159.9550018310547,1.281209945678711,6.765999794006348,95.11029815673828,1509.5
2026-06-16,1.1594202518463135,0.7073001265525818,160.22900390625,1.2822999954223633,6.756999969482422,94.74169921875,1513.31005859375
2026-06-17,1.1609952449798584,0.7065500020980835,160.41900634765625,1.2822500467300415,6.757199764251709,94.88860321044922,1510.9599609375
2026-06-18,1.150734782218933,0.7018499374389648,160.60000610351562,1.2879600524902344,6.757199764251709,94.85890197753906,1525.4200439453125
2026-06-19,1.1458560228347778,0.7013099789619446,161.28900146484375,1.2904399633407593,6.768599987030029,94.33989715576172,1537.56005859375
2026-06-22,1.1462763547897339,0.7002899646759033,161.43299865722656,1.2924200296401978,6.768599987030029,94.3302993774414,1531.3299560546875
2026-06-23,1.1427135467529297,0.6994621157646179,161.57000732421875,1.2935199737548828,6.774499893188477,94.70059967041016,1539.050048828125
2026-06-24,1.1379542350769043,0.6915600895881653,161.5989990234375,1.2967400550842285,6.789999961853027,95.18370056152344,1535.25
2026-06-25,1.1354217529296875,0.6900001764297485,161.76300048828125,1.297379970550537,6.789999961853027,94.4406967163086,1542.760009765625
2026-06-26,1.1361699104309082,0.6900501847267151,161.80499267578125,1.2968100309371948,6.789999961853027,94.40039825439453,1546.47998046875
2026-06-29,1.1385631561279297,0.6896218657493591,161.78700256347656,1.294510006904602,6.797999858856201,94.36029815673828,1535.239990234375
2026-06-30,1.1422044038772583,0.6882398128509521,161.92300415039062,1.292099952697754,6.793600082397461,94.79049682617188,1541.72998046875
2026-07-01,1.1413310766220093,0.6912999749183655,162.6280059814453,1.2941499948501587,6.793600082397461,94.91799926757812,1548.6099853515625
2026-07-02,1.13779878616333,0.6892097592353821,162.53900146484375,1.2955600023269653,6.7941999435424805,95.4175033569336,1551.81005859375
2026-07-03,1.1422696113586426,0.6916002035140991,161.44900512695312,1.2926900386810303,6.788599967956543,95.527099609375,1542.1300048828125
2026-07-06,1.1437721252441406,0.6937001347541809,161.45199584960938,1.291700005531311,6.788599967956543,95.21479797363281,1531.0
2026-07-07,1.144177794456482,0.6955297589302063,162.08799743652344,1.2916799783706665,6.79580020904541,95.60350036621094,1528.760009765625
2026-07-08,1.140380859375,0.6922600269317627,162.36300659179688,1.293619990348816,6.793399810791016,95.59339904785156,1519.8599853515625
2026-07-09,1.1422044038772583,0.6936299204826355,162.53900146484375,1.293429970741272,6.802499771118164,95.86180114746094,1503.3499755859375
2026-07-10,1.1433405876159668,0.6944401264190674,162.36300659179688,1.2920000553131104,6.792099952697754,95.39019775390625,1505.9100341796875
2026-07-13,1.1404459476470947,0.6942197680473328,161.8780059814453,1.2925100326538086,6.776599884033203,95.32499694824219,1498.47998046875
2026-07-14,1.1384334564208984,0.6918213367462158,162.4290008544922,1.2940900325775146,6.7795000076293945,96.29889678955078,1497.699951171875
2026-07-15,1.1424654722213745,0.6976497769355774,162.18699645996094,1.2906800508499146,6.769999980926514,96.42530059814453,1487.8800048828125
2026-07-16,1.1470258235931396,0.7008101344108582,162.07200622558594,1.2883599996566772,6.768199920654297,96.49859619140625,1486.199951171875
2026-07-17,1.1444659233093262,0.6999399662017822,162.37600708007812,1.2900700569152832,6.772500038146973,96.6521987915039,1478.8499755859375
2026-07-20,1.142765760421753,0.6979097723960876,162.51199340820312,1.2921199798583984,6.772500038146973,96.28479766845703,1487.3900146484375
2026-07-21,1.1418131589889526,0.700079083442688,162.48699951171875,1.2908600568771362,6.772500038146973,96.4896011352539,1475.010009765625
2026-07-22,1.140380859375,0.7000800967216492,163.18600463867188,1.2919000387191772,6.765600204467773,96.34089660644531,1479.719970703125
2026-07-23,1.1411746740341187,0.6989697813987732,163.08099365234375,1.2910100221633911,6.772500038146973,96.55709838867188,1475.6300048828125
2026-07-24,1.137682318687439,0.6967198848724365,163.83200073242188,1.2927600145339966,6.772500038146973,96.87689971923828,1474.0400390625
2026-07-27,1.1394972801208496,0.699440062046051,163.61099243164062,1.2892400026321411,6.7718000411987305,96.56729888916016,1458.010009765625
2026-07-28,1.1369450092315674,0.6987192630767822,163.77099609375,1.291100025177002,6.765699863433838,95.77410125732422,1464.43994140625
2026-07-29,1.1386538743972778,0.6974599957466125,163.86399841308594,1.2924000024795532,6.770999908447266,95.59870147705078,1453.1600341796875
2026-07-30,1.1467232704162598,0.695928156375885,163.3000030517578,1.2886899709701538,6.76609992980957,95.72859954833984,1442.280029296875
2026-07-31,1.1523525714874268,0.7025185227394104,160.18299865722656,1.282039999961853,6.755000114440918,95.68479919433594,1420.5999755859375
2026-08-03,1.154401183128357,0.7045875787734985,157.58200073242188,1.2811199426651,6.750899791717529,95.4021987915039,1435.699951171875
2026-08-04,1.150734782218933,0.6997601389884949,157.5290069580078,1.282099962234497,6.752299785614014,95.33159637451172,1428.5
2026-08-05,1.153242826461792,0.7046700119972229,157.69200134277344,1.2818100452423096,6.753200054168701,95.09719848632812,1428.4300537109375
2026-08-06,1.1557353734970093,0.7057301998138428,157.60000610351562,1.2806799411773682,6.74970006942749,95.07730102539062,1421.1600341796875
2026-08-07,1.1524720191955566,0.7033402323722839,158.40899658203125,1.2834299802780151,6.748799800872803,95.31189727783203,1422.300048828125
2026-08-10,1.155641794204712,0.7063493728637695,157.89100646972656,1.2786200046539307,6.747399806976318,95.21029663085938,1407.0
2026-08-11,1.1546411514282227,0.7055301070213318,159.156005859375,1.2803200483322144,6.747399806976318,95.39669799804688,1417.31005859375
2026-08-12,1.1543744802474976,0.7063997387886047,159.26499938964844,1.2796900272369385,6.744999885559082,95.37989807128906,1412.1800537109375
2026-08-13,1.1530035734176636,0.7063897848129272,159.3280029296875,1.2798800468444824,6.743299961090088,95.34429931640625,1416.4599609375
2026-08-14,1.1535356044769287,0.7063698172569275,159.42599487304688,1.280269980430603,6.742800235748291,95.40119934082031,1416.8499755859375
2026-08-17,1.1573940515518188,0.7085198760032654,159.22300720214844,1.2790000438690186,6.742800235748291,95.45030212402344,1415.3699951171875
2026-08-18,1.1582788228988647,0.7108199596405029,159.33999633789062,1.2773499488830566,6.7399001121521,95.69409942626953,1414.72998046875
2026-08-19,1.1579434871673584,0.7081500887870789,159.5500030517578,1.278290033340454,6.742599964141846,95.81639862060547,1413.5799560546875
2026-08-20,1.1673787832260132,0.7125044465065002,158.2760009765625,1.2713099718093872,6.729499816894531,95.49600219726562,1389.4000244140625
2026-08-21,1.1687841415405273,0.7119398713111877,158.88299560546875,1.271440029144287,6.722499847412109,95.77220153808594,1390.7900390625
2026-08-24,1.1681560277938843,0.7171398997306824,158.9040069580078,1.269219994544983,6.7210001945495605,95.70030212402344,1384.97998046875
2026-08-25,1.1668338775634766,0.7154815793037415,159.13900756835938,1.2698800563812256,6.72189998626709,95.72309875488281,1380.760009765625
2026-08-26,1.1674741506576538,0.7165325880050659,159.22300720214844,1.2688599824905396,6.720300197601318,93.54609680175781,1381.489990234375
2026-08-27,1.1654876470565796,0.7181498408317566,159.2550048828125,1.2714099884033203,6.722499847412109,95.4302978515625,1383.489990234375
2026-08-28,1.1656370162963867,0.7195098996162415,159.3209991455078,1.270799994468689,6.722499847412109,95.47039794921875,1380.449951171875
2026-08-31,1.1588962078094482,0.7163000702857971,160.1219940185547,1.2746100425720215,6.72599983215332,95.38030242919922,1377.1099853515625
2026-09-01,1.1617640256881714,0.7172999382019043,159.7469940185547,1.2707699537277222,6.72599983215332,95.1144027709961,1366.6199951171875
2026-09-02,1.1595547199249268,0.7147099375724792,160.1959991455078,1.2730599641799927,6.720200061798096,94.9552001953125,1372.8599853515625
2026-09-03,1.1585336923599243,0.7163600921630859,158.92300415039062,1.270900011062622,6.718999862670898,94.48770141601562,1358.3900146484375
2026-09-04,1.1628313064575195,0.7201300859451294,155.66000366210938,1.2667100429534912,6.718999862670898,94.49490356445312,1355.4100341796875
2026-09-07,1.1613997220993042,0.7206376194953918,156.19700622558594,1.2669800519943237,6.7108001708984375,94.4302978515625,1345.06005859375
2026-09-08,1.1627637147903442,0.722089946269989,153.85499572753906,1.2654500007629395,6.7108001708984375,94.49189758300781,1343.5699462890625
2026-09-09,1.1627366542816162,0.7220399379730225,153.47799682617188,1.2644200325012207,6.7104997634887695,94.822998046875,1339.2099609375
2026-09-10,1.1633858680725098,0.722089946269989,153.572998046875,1.2642099857330322,6.7104997634887695,95.11180114746094,1339.1700439453125
2026-09-11,1.1609952449798584,0.7155998945236206,154.48199462890625,1.268049955368042,6.706099987030029,95.69450378417969,1348.1700439453125
2026-09-14,1.1593934297561646,0.7152001261711121,153.4239959716797,1.2671300172805786,6.708000183105469,95.03279876708984,1344.6400146484375
2026-09-15,1.154854416847229,0.71378093957901,154.38499450683594,1.2702699899673462,6.708199977874756,95.83540344238281,1345.6099853515625
2026-09-16,1.153761863708496,0.712550163269043,155.26600646972656,1.2731300592422485,6.71120023727417,95.9926986694336,1363.5699462890625
2026-09-17,1.1469862461090088,0.7088101506233215,156.01400756835938,1.277809977531433,6.705999851226807,96.1323013305664,1376.5999755859375
2026-09-18,1.1476049423217773,0.7115498185157776,156.12899780273438,1.2759100198745728,6.707399845123291,95.79920196533203,1379.530029296875
2026-09-21,1.1479737758636475,0.7121599316596985,157.04600524902344,1.2760200500488281,6.697500228881836,96.01309967041016,1384.8599853515625
2026-09-22,1.1464602947235107,0.7118998169898987,157.36900329589844,1.276129961013794,6.695300102233887,95.71199798583984,1373.6800537109375
2026-09-23,1.1447935104370117,0.7112102508544922,157.46400451660156,1.2749500274658203,6.6996002197265625,95.6897964477539,1350.3599853515625
2026-09-24,1.138187289237976,0.7034080028533936,158.26499938964844,1.2802200317382812,6.711100101470947,95.74120330810547,1362.5
2026-09-25,1.1374752521514893,0.700799822807312,158.81100463867188,1.2797499895095825,6.711100101470947,96.16130065917969,1367.3599853515625
2026-09-28,1.13779878616333,0.7009098529815674,157.46299743652344,1.278480052947998,6.712800025939941,95.78829956054688,1354.510009765625
2026-09-29,1.137268304824829,0.7016401290893555,157.36099243164062,1.2772799730300903,6.710299968719482,95.98159790039062,1359.56005859375
2026-09-30,1.134082555770874,0.6988999247550964,157.4040069580078,1.2777400016784668,6.703000068664551,96.05069732666016,1350.5
2026-10-01,1.1327208280563354,0.6945698857307434,157.55799865722656,1.2778799533843994,6.704500198364258,95.9271011352539,1356.8399658203125
2026-10-02,1.124985933303833,0.6928700804710388,157.927001953125,1.2801899909973145,6.704500198364258,96.22480010986328,1360.5899658203125
2026-10-05,1.1205737590789795,0.695652186870575,157.6750030517578,1.28016996383667,6.697299957275391,96.27999877929688,1343.81005859375
